Chr,Start,End,Ref,Alt,Func.refGene,Gene.refGene,GeneDetail.refGene,ExonicFunc.refGene,AAChange.refGene,cytoBand,CADD13_RawScore,CADD13_PHRED,ExAC_ALL,ExAC_AFR,ExAC_AMR,ExAC_EAS,ExAC_FIN,ExAC_NFE,ExAC_OTH,ExAC_SAS,gnomAD_exome_ALL,gnomAD_exome_AFR,gnomAD_exome_AMR,gnomAD_exome_ASJ,gnomAD_exome_EAS,gnomAD_exome_FIN,gnomAD_exome_NFE,gnomAD_exome_OTH,gnomAD_exome_SAS,gnomAD_genome_ALL,gnomAD_genome_AFR,gnomAD_genome_AMR,gnomAD_genome_ASJ,gnomAD_genome_EAS,gnomAD_genome_FIN,gnomAD_genome_NFE,gnomAD_genome_OTH,Otherinfo1,Otherinfo2,Otherinfo3,Otherinfo4,Otherinfo5,Otherinfo6,Otherinfo7
6,149826586,149826586,C,T,"UTR3","PPIL4","NM_139126:c.*3G>A",0,0,"6q25.1",1.323163,12.39,7.449e-05,0.0009,0,0,0,0,0,0,5.37e-05,0.0009,0,0,0,0,0,0,0,0.0002,0.0008,0,0,0,0,0,0,"missense_variant		0	24924	0	127936	rs374807873"
6,149826592,149826592,T,A,"exonic","PPIL4",0,"nonsynonymous SNV","PPIL4:NM_139126:exon13:c.A1476T:p.R492S","6q25.1",4.233653,23.9,0,0,0,0,0,0,0,0,4.091e-06,0,0,0,0,0,0,0,3.32e-05,0,0,0,0,0,0,0,0,"missense_variant		0	21516	0	113236	rs1443700103"
6,149826595,149826595,A,G,"exonic","PPIL4",0,"synonymous SNV","PPIL4:NM_139126:exon13:c.T1473C:p.Y491Y","6q25.1",-0.330697,0.565,0,0,0,0,0,0,0,0,0,0,0,0,0,0,0,0,0,3.23e-05,0.0001,0,0,0,0,0,0,"missense_variant		0	3472	0	15430	rs1352737624"
6,149826597,149826597,A,G,"exonic","PPIL4",0,"nonsynonymous SNV","PPIL4:NM_139126:exon13:c.T1471C:p.Y491H","6q25.1",2.537132,19.71,0,0,0,0,0,0,0,0,0,0,0,0,0,0,0,0,0,3.232e-05,0.0001,0,0,0,0,0,0,"missense_variant		0	3470	0	15424	rs1217147909"
6,149826598,149826598,C,T,"exonic","PPIL4",0,"synonymous SNV","PPIL4:NM_139126:exon13:c.G1470A:p.K490K","6q25.1",1.960170,15.96,0,0,0,0,0,0,0,0,4.085e-06,6.545e-05,0,0,0,0,0,0,0,0,0,0,0,0,0,0,0,"missense_variant		0	21522	0	113284	rs1178698495"
6,149826600,149826600,T,TA,"exonic","PPIL4",0,"stopgain","PPIL4:NM_139126:exon13:c.1468delinsTA:p.K490*","6q25.1",0,0,8.251e-06,0,0,0,0,1.501e-05,0,0,4.084e-06,0,0,0,0,0,8.987e-06,0,0,0,0,0,0,0,0,0,0,"frameshift_variant	lc_lof	0	21544	1	113322	rs756554873"
6,149826605,149826609,TTTTC,T,"exonic","PPIL4",0,"frameshift substitution","PPIL4:NM_139126:exon13:c.1459_1463delinsA:p.E487Nfs*8","6q25.1",0,0,0,0,0,0,0,0,0,0,0,0,0,0,0,0,0,0,0,0,0,0,0,0,0,0,0,"frameshift_variant	lc_lof	0	21560	1	113376	"
6,149826609,149826609,C,G,"exonic","PPIL4",0,"nonsynonymous SNV","PPIL4:NM_139126:exon13:c.G1459C:p.E487Q","6q25.1",3.320702,22.9,0,0,0,0,0,0,0,0,4.086e-06,0,0,0,0,0,0,0,3.304e-05,0,0,0,0,0,0,0,0,"missense_variant		0	21558	0	113270	rs1399432538"
6,149826613,149826623,ATCTTTGGACT,A,"exonic","PPIL4",0,"frameshift substitution","PPIL4:NM_139126:exon13:c.1445_1455delinsT:p.K482Ifs*11","6q25.1",0,0,1.649e-05,0,0,0,0,2.999e-05,0,0,8.162e-06,0,0,0,0,0,1.797e-05,0,0,0,0,0,0,0,0,0,0,"frameshift_variant	lc_lof	0	21582	2	113338	rs766740916"
6,149826622,149826622,C,G,"exonic","PPIL4",0,"nonsynonymous SNV","PPIL4:NM_139126:exon13:c.G1446C:p.K482N","6q25.1",3.079666,22.5,0,0,0,0,0,0,0,0,4.074e-06,0,0,0,0,0,8.979e-06,0,0,0,0,0,0,0,0,0,0,"missense_variant		0	21592	1	113438	rs367758833"
6,149826622,149826622,C,A,"exonic","PPIL4",0,"nonsynonymous SNV","PPIL4:NM_139126:exon13:c.G1446T:p.K482N","6q25.1",3.336331,22.9,8.244e-06,9.628e-05,0,0,0,0,0,0,8.149e-06,0.0001,0,0,0,0,0,0,0,0,0,0,0,0,0,0,0,"missense_variant		0	21592	0	113438	rs367758833"
6,149826624,149826624,T,C,"exonic","PPIL4",0,"nonsynonymous SNV","PPIL4:NM_139126:exon13:c.A1444G:p.K482E","6q25.1",3.446231,23.0,0,0,0,0,0,0,0,0,4.066e-06,0,2.98e-05,0,0,0,0,0,0,0,0,0,0,0,0,0,0,"missense_variant		0	21610	0	113582	rs1467914802"
6,149826625,149826625,C,G,"exonic","PPIL4",0,"nonsynonymous SNV","PPIL4:NM_139126:exon13:c.G1443C:p.K481N","6q25.1",3.082709,22.5,8.244e-06,0,0,0,0,0,0,6.058e-05,4.067e-06,0,0,0,0,0,0,0,3.254e-05,0,0,0,0,0,0,0,0,"missense_variant		0	21608	0	113550	rs752476190"
6,149826638,149826638,C,T,"exonic","PPIL4",0,"nonsynonymous SNV","PPIL4:NM_139126:exon13:c.G1430A:p.S477N","6q25.1",3.184298,22.7,8.244e-06,0,0,0,0,0,0,6.058e-05,4.067e-06,0,0,0,0,0,0,0,3.25e-05,0,0,0,0,0,0,0,0,"missense_variant		0	21624	0	113554	rs762803135"
6,149826641,149826641,C,T,"exonic","PPIL4",0,"nonsynonymous SNV","PPIL4:NM_139126:exon13:c.G1427A:p.R476Q","6q25.1",4.152019,23.8,1.649e-05,0,8.661e-05,0,0,1.499e-05,0,0,8.133e-06,0,0,0,0,0,1.794e-05,0,0,3.231e-05,0.0001,0,0,0,0,0,0,"missense_variant		0	25094	2	128982	rs764028936"
6,149826642,149826642,G,C,"exonic","PPIL4",0,"nonsynonymous SNV","PPIL4:NM_139126:exon13:c.C1426G:p.R476G","6q25.1",4.918207,25.0,1.648e-05,0,0,0,0,0,0,0.0001,1.22e-05,0,0,0,0,0,0,0,9.75e-05,0,0,0,0,0,0,0,0,"missense_variant		0	21622	0	113560	rs751470305"
6,149826643,149826645,GTC,G,"exonic","PPIL4",0,"frameshift substitution","PPIL4:NM_139126:exon13:c.1423_1425delinsC:p.D475Pfs*11","6q25.1",0,0,8.241e-06,0,0,0.0001,0,0,0,0,4.065e-06,0,0,0,5.798e-05,0,0,0,0,0,0,0,0,0,0,0,0,"frameshift_variant		0	21628	0	113604	rs754360166"
6,149826657,149826657,T,C,"exonic","PPIL4",0,"nonsynonymous SNV","PPIL4:NM_139126:exon13:c.A1411G:p.S471G","6q25.1",1.517504,13.41,0,0,0,0,0,0,0,0,4.063e-06,0,0,0,0,0,0,0,3.249e-05,0,0,0,0,0,0,0,0,"missense_variant		0	21648	0	113636	rs1221949746"
6,149826658,149826658,C,G,"exonic","PPIL4",0,"nonsynonymous SNV","PPIL4:NM_139126:exon13:c.G1410C:p.R470S","6q25.1",3.565962,23.1,8.241e-06,0,0,0,0,0,0,6.057e-05,4.063e-06,0,0,0,0,0,0,0,3.249e-05,0,0,0,0,0,0,0,0,"missense_variant		0	21644	0	113634	rs781163348"
6,149826658,149826662,CCTTT,C,"exonic","PPIL4",0,"frameshift substitution","PPIL4:NM_139126:exon13:c.1406_1410delinsG:p.E469Gfs*26","6q25.1",0,0,8.241e-06,0,0,0,0,1.499e-05,0,0,8.127e-06,0,0,0,0,0,1.792e-05,0,0,0,0,0,0,0,0,0,0,"frameshift_variant		0	21644	3	113634	rs781163348"
6,149826662,149826662,T,C,"exonic","PPIL4",0,"nonsynonymous SNV","PPIL4:NM_139126:exon13:c.A1406G:p.E469G","6q25.1",3.398131,23.0,0,0,0,0,0,0,0,0,4.063e-06,0,0,0,0,0,0,0,3.249e-05,0,0,0,0,0,0,0,0,"missense_variant		0	21646	0	113684	rs1306215501"
6,149826668,149826668,T,C,"exonic","PPIL4",0,"nonsynonymous SNV","PPIL4:NM_139126:exon13:c.A1400G:p.E467G","6q25.1",3.318964,22.9,0,0,0,0,0,0,0,0,0,0,0,0,0,0,0,0,0,3.23e-05,0,0,0,0,0,6.666e-05,0,"missense_variant		0	3472	1	15424	rs1487651980"
6,149826676,149826676,A,T,"exonic","PPIL4",0,"nonsynonymous SNV","PPIL4:NM_139126:exon13:c.T1392A:p.D464E","6q25.1",-0.941295,0.021,3.296e-05,0,0,0,0,0,0,0.0002,2.844e-05,0,0,0,0,0,0,0,0.0002,0,0,0,0,0,0,0,0,"missense_variant		0	21646	0	113644	rs552292083"
6,149826679,149826679,T,C,"exonic","PPIL4",0,"synonymous SNV","PPIL4:NM_139126:exon13:c.A1389G:p.T463T","6q25.1",0.009883,2.681,8.239e-06,0,0,0,0,1.499e-05,0,0,4.063e-06,0,0,0,0,0,8.959e-06,0,0,0,0,0,0,0,0,0,0,"missense_variant		0	21646	1	113674	rs756389250"
6,149826681,149826681,T,C,"exonic","PPIL4",0,"nonsynonymous SNV","PPIL4:NM_139126:exon13:c.A1387G:p.T463A","6q25.1",-0.917128,0.024,1.648e-05,0,0,0,0,2.997e-05,0,0,8.125e-06,0,0,0,0,0,1.792e-05,0,0,0,0,0,0,0,0,0,0,"missense_variant		0	21646	1	113680	rs200903179"
6,149826684,149826684,G,C,"exonic","PPIL4",0,"nonsynonymous SNV","PPIL4:NM_139126:exon13:c.C1384G:p.Q462E","6q25.1",0.298200,5.676,8.239e-06,0,0,0,0,1.499e-05,0,0,1.219e-05,0,5.958e-05,0,0,0,8.962e-06,0,0,0,0,0,0,0,0,0,0,"missense_variant		0	21646	1	113650	rs749593343"
6,149826685,149826685,G,T,"exonic","PPIL4",0,"stopgain","PPIL4:NM_139126:exon13:c.C1383A:p.Y461X","6q25.1",13.582742,42,8.239e-06,0,0,0,0,1.499e-05,0,0,4.063e-06,0,0,0,0,0,8.961e-06,0,0,0,0,0,0,0,0,0,0,"stop_gained		0	21648	1	113656	rs768914980"
6,149826687,149826687,A,G,"exonic","PPIL4",0,"nonsynonymous SNV","PPIL4:NM_139126:exon13:c.T1381C:p.Y461H","6q25.1",1.673221,14.26,8.239e-06,0,0,0,0,1.499e-05,0,0,4.063e-06,0,0,0,0,0,8.96e-06,0,0,0,0,0,0,0,0,0,0,"missense_variant		0	21648	1	113670	rs779426380"
6,149826690,149826690,T,C,"exonic","PPIL4",0,"nonsynonymous SNV","PPIL4:NM_139126:exon13:c.A1378G:p.K460E","6q25.1",1.555669,13.61,8.238e-06,0,0,0,0,1.498e-05,0,0,4.063e-06,0,0,0,0,0,8.96e-06,0,0,0,0,0,0,0,0,0,0,"missense_variant		0	21648	1	113678	rs748632952"
6,149826691,149826691,T,C,"exonic","PPIL4",0,"synonymous SNV","PPIL4:NM_139126:exon13:c.A1377G:p.S459S","6q25.1",0.077370,3.368,8.238e-06,0,0,0,0,1.498e-05,0,0,4.062e-06,0,0,0,0,0,8.959e-06,0,0,0,0,0,0,0,0,0,0,"missense_variant		0	21648	1	113678	rs772676098"
6,149826708,149826708,T,C,"exonic","PPIL4",0,"nonsynonymous SNV","PPIL4:NM_139126:exon13:c.A1360G:p.S454G","6q25.1",0.523755,7.610,1.648e-05,0,0,0,0,2.997e-05,0,0,8.125e-06,0,0,0,0,0,1.792e-05,0,0,0,0,0,0,0,0,0,0,"missense_variant		0	21648	2	113678	rs776099187"
6,149826711,149826711,A,G,"exonic","PPIL4",0,"nonsynonymous SNV","PPIL4:NM_139126:exon13:c.T1357C:p.Y453H","6q25.1",0.751184,9.158,8.238e-06,0,0,0,0,1.498e-05,0,0,4.063e-06,0,0,0,0,0,8.96e-06,0,0,0,0,0,0,0,0,0,0,"missense_variant		0	21648	1	113664	rs769433169"
6,149826713,149826713,T,C,"exonic","PPIL4",0,"nonsynonymous SNV","PPIL4:NM_139126:exon13:c.A1355G:p.H452R","6q25.1",0.416762,6.758,0.0001,0,0,0,0,2.997e-05,0,0.0007,0.0001,0,0,0,0,0,3.585e-05,0.0004,0.0007,3.228e-05,0,0,0,0,0,6.661e-05,0,"missense_variant		0	21648	3	113636	rs142828926"
6,149826717,149826717,C,T,"exonic","PPIL4",0,"nonsynonymous SNV","PPIL4:NM_139126:exon13:c.G1351A:p.G451S","6q25.1",2.224844,17.67,0,0,0,0,0,0,0,0,4.064e-06,0,2.979e-05,0,0,0,0,0,0,0,0,0,0,0,0,0,0,"missense_variant		0	21648	0	113616	rs1352774585"
6,149826719,149826719,T,C,"exonic","PPIL4",0,"nonsynonymous SNV","PPIL4:NM_139126:exon13:c.A1349G:p.D450G","6q25.1",3.452875,23.0,1.648e-05,0,0,0,0,1.498e-05,0,6.057e-05,8.127e-06,0,0,0,0,0,8.964e-06,0,3.249e-05,0,0,0,0,0,0,0,0,"missense_variant		0	21648	1	113626	rs762755126"
6,149826726,149826726,C,G,"exonic","PPIL4",0,"nonsynonymous SNV","PPIL4:NM_139126:exon13:c.G1342C:p.E448Q","6q25.1",2.668396,20.6,0,0,0,0,0,0,0,0,4.064e-06,0,0,0,0,0,8.967e-06,0,0,0,0,0,0,0,0,0,0,"missense_variant		0	21648	1	113598	rs1294259921"
6,149826728,149826728,C,T,"exonic","PPIL4",0,"nonsynonymous SNV","PPIL4:NM_139126:exon13:c.G1340A:p.R447Q","6q25.1",3.618176,23.2,0,0,0,0,0,0,0,0,4.064e-06,0,0,0,0,0,8.967e-06,0,0,3.229e-05,0.0001,0,0,0,0,0,0,"missense_variant		0	25120	1	129034	rs146098079"
6,149826728,149826728,C,G,"exonic","PPIL4",0,"nonsynonymous SNV","PPIL4:NM_139126:exon13:c.G1340C:p.R447P","6q25.1",3.773078,23.4,0,0,0,0,0,0,0,0,4.064e-06,0,0,0,0,0,0,0,3.249e-05,0,0,0,0,0,0,0,0,"missense_variant		0	21646	0	113602	rs146098079"
6,149826729,149826729,G,A,"exonic","PPIL4",0,"stopgain","PPIL4:NM_139126:exon13:c.C1339T:p.R447X","6q25.1",14.590700,46,8.238e-06,9.612e-05,0,0,0,0,0,0,4.064e-06,6.534e-05,0,0,0,0,0,0,0,3.231e-05,0.0001,0,0,0,0,0,0,"stop_gained		0	25114	0	129008	rs372148237"
6,149826731,149826731,G,T,"exonic","PPIL4",0,"nonsynonymous SNV","PPIL4:NM_139126:exon13:c.C1337A:p.S446Y","6q25.1",4.796757,24.8,8.238e-06,0,0,0,0,1.498e-05,0,0,4.064e-06,0,0,0,0,0,8.968e-06,0,0,0,0,0,0,0,0,0,0,"missense_variant		0	21648	1	113580	rs751478073"
6,149826734,149826734,C,T,"exonic","PPIL4",0,"nonsynonymous SNV","PPIL4:NM_139126:exon13:c.G1334A:p.R445Q","6q25.1",4.394988,24.1,8.238e-06,0,0,0,0,0,0.0011,0,2.032e-05,0,0,0,0,0,3.588e-05,0,3.249e-05,0,0,0,0,0,0,0,0,"missense_variant		0	21648	4	113574	rs761631618"
6,149826735,149826735,G,A,"exonic","PPIL4",0,"stopgain","PPIL4:NM_139126:exon13:c.C1333T:p.R445X","6q25.1",13.528696,42,0,0,0,0,0,0,0,0,4.064e-06,0,2.978e-05,0,0,0,0,0,0,0,0,0,0,0,0,0,0,"stop_gained		0	21646	0	113614	rs931558507"
6,149826738,149826738,T,C,"exonic","PPIL4",0,"nonsynonymous SNV","PPIL4:NM_139126:exon13:c.A1330G:p.S444G","6q25.1",2.186424,17.42,8.238e-06,0,0,0,0,0,0,6.057e-05,4.065e-06,0,0,0,0,0,0,0,3.249e-05,0,0,0,0,0,0,0,0,"missense_variant		0	21648	0	113566	rs767617832"
6,149826740,149826740,C,T,"exonic","PPIL4",0,"nonsynonymous SNV","PPIL4:NM_139126:exon13:c.G1328A:p.R443H","6q25.1",6.149407,28.5,0.0001,9.612e-05,0,0,0,0.0002,0,0.0002,0.0002,6.535e-05,0,0,0,0,0.0004,0,0.0002,0.0003,0.0002,0,0,0,0,0.0005,0,"missense_variant		0	25118	45	128988	rs139121452"
6,149826741,149826741,G,A,"exonic","PPIL4",0,"nonsynonymous SNV","PPIL4:NM_139126:exon13:c.C1327T:p.R443C","6q25.1",7.512661,34,8.238e-06,0,0,0,0,1.498e-05,0,0,4.065e-06,0,0,0,0,0,8.972e-06,0,0,0,0,0,0,0,0,0,0,"missense_variant		0	21648	1	113536	rs756264501"
6,149826743,149826743,C,T,"exonic","PPIL4",0,"nonsynonymous SNV","PPIL4:NM_139126:exon13:c.G1325A:p.S442N","6q25.1",3.099915,22.5,0,0,0,0,0,0,0,0,4.065e-06,0,2.979e-05,0,0,0,0,0,0,0,0,0,0,0,0,0,0,"missense_variant		0	21648	0	113564	rs1246846444"
6,149826744,149826744,T,C,"exonic","PPIL4",0,"nonsynonymous SNV","PPIL4:NM_139126:exon13:c.A1324G:p.S442G","6q25.1",2.406789,18.86,8.238e-06,9.612e-05,0,0,0,0,0,0,4.063e-06,6.535e-05,0,0,0,0,0,0,0,0,0,0,0,0,0,0,0,"missense_variant		0	21648	0	113650	rs182656820"
6,149826747,149826747,G,A,"exonic","PPIL4",0,"stopgain","PPIL4:NM_139126:exon13:c.C1321T:p.R441X","6q25.1",14.301275,45,8.239e-06,0,0,0,0,0,0,6.058e-05,1.22e-05,0,0,0,5.798e-05,0,0,0,6.497e-05,0,0,0,0,0,0,0,0,"stop_gained		0	21646	0	113554	rs754134572"
6,149826757,149826757,T,C,"exonic","PPIL4",0,"synonymous SNV","PPIL4:NM_139126:exon13:c.A1311G:p.R437R","6q25.1",-0.089020,1.813,8.24e-06,0,0,0,0,0,0,6.058e-05,4.063e-06,0,0,0,0,0,0,0,3.249e-05,0,0,0,0,0,0,0,0,"missense_variant		0	21648	0	113638	rs755327696"
6,149826758,149826758,C,T,"exonic","PPIL4",0,"nonsynonymous SNV","PPIL4:NM_139126:exon13:c.G1310A:p.R437Q","6q25.1",5.536826,26.3,2.472e-05,0,0,0.0001,0,1.499e-05,0,6.058e-05,2.438e-05,0,2.979e-05,0,5.798e-05,0,1.793e-05,0,6.497e-05,0,0,0,0,0,0,0,0,"missense_variant		0	21648	2	113616	rs779114958"
6,149826760,149826760,G,T,"exonic","PPIL4",0,"nonsynonymous SNV","PPIL4:NM_139126:exon13:c.C1308A:p.D436E","6q25.1",1.620777,13.97,0,0,0,0,0,0,0,0,4.064e-06,0,0,0,0,0,8.965e-06,0,0,0,0,0,0,0,0,0,0,"missense_variant		0	21648	1	113608	rs1173001808"
6,149826766,149826767,CT,C,"exonic","PPIL4",0,"frameshift substitution","PPIL4:NM_139126:exon13:c.1301_1302delinsG:p.K434Rfs*62","6q25.1",0,0,8.24e-06,9.615e-05,0,0,0,0,0,0,8.127e-06,0.0001,0,0,0,0,0,0,0,3.229e-05,0.0001,0,0,0,0,0,0,"frameshift_variant		0	25122	0	129050	rs779019661"
6,149826771,149826771,C,A,"exonic","PPIL4",0,"stopgain","PPIL4:NM_139126:exon13:c.G1297T:p.E433X","6q25.1",13.841579,43,4.944e-05,0,0,0,0,8.993e-05,0,0,3.659e-05,6.536e-05,0,0,0,0,7.179e-05,0,0,3.229e-05,0,0,0,0,0,6.664e-05,0,"stop_gained		0	25122	9	128942	rs369959047"
6,149826773,149826782,CTCTTTTGTT,C,"exonic","PPIL4",0,"nonframeshift substitution","PPIL4:NM_139126:exon13:c.1286_1295delinsG:p.K429_K431del","6q25.1",0,0,8.241e-06,0,0,0,0,1.499e-05,0,0,1.626e-05,0,0,0,0.0001,0,1.794e-05,0,0,3.229e-05,0,0,0,0.0006,0,0,0,"inframe_deletion		0	25122	2	129002	rs748276878"
6,149826775,149826777,CTT,C,"exonic","PPIL4",0,"frameshift substitution","PPIL4:NM_139126:exon13:c.1291_1293delinsG:p.K431Efs*2","6q25.1",0,0,8.241e-06,0,0,0,0,0,0,6.058e-05,4.065e-06,0,0,0,0,0,0,0,3.249e-05,0,0,0,0,0,0,0,0,"frameshift_variant		0	21646	0	113580	rs758567998"
6,149826781,149826781,T,C,"exonic","PPIL4",0,"synonymous SNV","PPIL4:NM_139126:exon13:c.A1287G:p.K429K","6q25.1",-0.241175,0.897,0,0,0,0,0,0,0,0,4.065e-06,0,0,0,0,0,8.969e-06,0,0,0,0,0,0,0,0,0,0,"missense_variant		0	21648	1	113570	rs1351726867"
6,149826793,149826793,G,A,"exonic","PPIL4",0,"synonymous SNV","PPIL4:NM_139126:exon13:c.C1275T:p.S425S","6q25.1",1.161515,11.54,0,0,0,0,0,0,0,0,4.068e-06,0,2.979e-05,0,0,0,0,0,0,0,0,0,0,0,0,0,0,"missense_variant		0	21644	0	113400	rs1406651972"
6,149826795,149826795,T,C,"exonic","PPIL4",0,"nonsynonymous SNV","PPIL4:NM_139126:exon13:c.A1273G:p.S425G","6q25.1",1.112223,11.28,8.244e-06,9.632e-05,0,0,0,0,0,0,4.068e-06,6.538e-05,0,0,0,0,0,0,0,0,0,0,0,0,0,0,0,"missense_variant		0	21644	0	113446	rs548731548"
6,149826795,149826798,TTTC,T,"exonic","PPIL4",0,"nonframeshift substitution","PPIL4:NM_139126:exon13:c.1270_1273delinsA:p.E424del","6q25.1",0,0,0,0,0,0,0,0,0,0,0,0,0,0,0,0,0,0,0,3.227e-05,0.0001,0,0,0,0,0,0,"inframe_deletion		0	3476	0	15432	rs548731548"
6,149826802,149826802,T,C,"exonic","PPIL4",0,"synonymous SNV","PPIL4:NM_139126:exon13:c.A1266G:p.E422E","6q25.1",-0.262119,0.807,1.649e-05,0,0,0.0001,0,1.5e-05,0,0,4.068e-06,0,0,0,0,0,8.982e-06,0,0,0,0,0,0,0,0,0,0,"missense_variant		0	21644	1	113420	rs778319414"
6,149826803,149826803,T,C,"exonic","PPIL4",0,"nonsynonymous SNV","PPIL4:NM_139126:exon13:c.A1265G:p.E422G","6q25.1",2.969972,22.1,0,0,0,0,0,0,0,0,4.067e-06,0,0,0,5.798e-05,0,0,0,0,0,0,0,0,0,0,0,0,"missense_variant		0	21642	0	113444	rs1400389997"
6,149826808,149826808,A,G,"exonic","PPIL4",0,"synonymous SNV","PPIL4:NM_139126:exon13:c.T1260C:p.Y420Y","6q25.1",-0.069634,1.967,0,0,0,0,0,0,0,0,8.138e-06,0,0,0,0,0,1.797e-05,0,0,0,0,0,0,0,0,0,0,"missense_variant		0	21632	2	113354	rs1271785720"
6,149826809,149826809,T,A,"exonic","PPIL4",0,"nonsynonymous SNV","PPIL4:NM_139126:exon13:c.A1259T:p.Y420F","6q25.1",2.530811,19.67,8.248e-06,0,0,0,0,1.5e-05,0,0,4.068e-06,0,0,0,0,0,8.983e-06,0,0,3.228e-05,0,0,0,0,0,6.663e-05,0,"missense_variant		0	25110	4	128822	rs375258157"
6,149826814,149826814,A,G,"exonic","PPIL4",0,"synonymous SNV","PPIL4:NM_139126:exon13:c.T1254C:p.G418G","6q25.1",0.751714,9.162,8.25e-06,0,0,0.0001,0,0,0,0,0,0,0,0,0,0,0,0,0,0,0,0,0,0,0,0,0,"missense_variant		0	21626	0	113348	rs769310601"
6,149826821,149826821,C,G,"exonic","PPIL4",0,"nonsynonymous SNV","PPIL4:NM_139126:exon13:c.G1247C:p.G416A","6q25.1",1.536824,13.51,0,0,0,0,0,0,0,0,0,0,0,0,0,0,0,0,0,3.229e-05,0.0001,0,0,0,0,0,0,"missense_variant		0	3472	0	15420	rs966234305"
6,149826823,149826823,C,T,"exonic","PPIL4",0,"nonsynonymous SNV","PPIL4:NM_139126:exon13:c.G1245A:p.M415I","6q25.1",2.489120,19.40,8.258e-06,0,0,0,0,0,0,6.063e-05,4.072e-06,0,0,0,0,0,0,0,3.255e-05,0,0,0,0,0,0,0,0,"stop_gained		0	21606	0	113284	rs775078774"
6,149826824,149826824,A,T,"exonic","PPIL4",0,"nonsynonymous SNV","PPIL4:NM_139126:exon13:c.T1244A:p.M415K","6q25.1",1.562954,13.65,0,0,0,0,0,0,0,0,4.072e-06,0,0,0,0,0,8.993e-06,0,0,3.23e-05,0,0,0,0,0,6.669e-05,0,"missense_variant		0	25080	2	128696	rs1323036315"
6,149826825,149826825,T,C,"exonic","PPIL4",0,"nonsynonymous SNV","PPIL4:NM_139126:exon13:c.A1243G:p.M415V","6q25.1",0.521727,7.595,0,0,0,0,0,0,0,0,4.072e-06,0,0,0,0,0,0,0,3.254e-05,0,0,0,0,0,0,0,0,"missense_variant		0	21610	0	113300	rs1220822816"
6,149826833,149826833,T,C,"exonic","PPIL4",0,"nonsynonymous SNV","PPIL4:NM_139126:exon13:c.A1235G:p.Y412C","6q25.1",2.103656,16.88,8.269e-06,0,0,0,0,1.503e-05,0,0,4.098e-06,0,0,0,0,0,9.027e-06,0,0,0,0,0,0,0,0,0,0,"missense_variant		0	21594	1	112846	rs748927242"
6,149826836,149826841,ATATCC,A,"exonic","PPIL4",0,"frameshift substitution","PPIL4:NM_139126:exon13:c.1228_1232delinsT:p.D410Sfs*85","6q25.1",0,0,0,0,0,0,0,0,0,0,4.109e-06,0,0,0,0,4.498e-05,0,0,0,0,0,0,0,0,0,0,0,"splice_acceptor_variant		1	21584	0	112658	rs1488939804"
6,149826838,149826838,A,C,"exonic","PPIL4",0,"nonsynonymous SNV","PPIL4:NM_139126:exon13:c.T1230G:p.D410E","6q25.1",0.512928,7.529,0,0,0,0,0,0,0,0,4.107e-06,0,0,0,0,0,9.04e-06,0,0,0,0,0,0,0,0,0,0,"missense_variant		0	21584	1	112682	rs1196279317"
6,149833283,149833292,AGAGGTACCT,A,"exonic","PPIL4",0,"frameshift substitution","PPIL4:NM_139126:exon12:c.1226_1227delinsT:p.Q409Lfs*87","6q25.1",0,0,8.498e-06,0,0,0,0,0,0.0012,0,4.234e-06,0,0,0,0,0,0,0.0002,0,0,0,0,0,0,0,0,0,"splice_donor_variant		0	21252	0	110720	rs769644035"
6,149833294,149833295,AT,A,"exonic","PPIL4",0,"frameshift substitution","PPIL4:NM_139126:exon12:c.1223_1224delinsT:p.N408Ifs*88","6q25.1",0,0,0,0,0,0,0,0,0,0,4.178e-06,6.585e-05,0,0,0,0,0,0,0,0,0,0,0,0,0,0,0,"frameshift_variant		0	21392	0	111738	rs1188427409"
6,149833296,149833296,T,C,"exonic","PPIL4",0,"nonsynonymous SNV","PPIL4:NM_139126:exon12:c.A1222G:p.N408D","6q25.1",1.208931,11.79,6.692e-05,0,0,0.0009,0,0,0,0,8.35e-05,0,0,0,0.0012,0,0,0,0,6.457e-05,0,0,0,0.0012,0,0,0,"missense_variant		0	24938	0	127334	rs530426424"
6,149833304,149833304,T,C,"exonic","PPIL4",0,"nonsynonymous SNV","PPIL4:NM_139126:exon12:c.A1214G:p.K405R","6q25.1",0.291567,5.612,8.314e-06,0,0,0,0,1.505e-05,0,0,4.167e-06,0,0,0,0,0,9.092e-06,0,0,0,0,0,0,0,0,0,0,"missense_variant		0	21512	1	112042	rs758767193"
6,149833316,149833316,T,C,"exonic","PPIL4",0,"nonsynonymous SNV","PPIL4:NM_139126:exon12:c.A1202G:p.Y401C","6q25.1",1.829357,15.16,8.267e-06,0,8.637e-05,0,0,0,0,0,4.079e-06,0,2.999e-05,0,0,0,0,0,0,0,0,0,0,0,0,0,0,"missense_variant		0	21596	0	113360	rs778198794"
6,149833318,149833318,G,A,"exonic","PPIL4",0,"synonymous SNV","PPIL4:NM_139126:exon12:c.C1200T:p.D400D","6q25.1",0.581514,8.027,0.0003,0,0.0005,0,0,0.0005,0,0,0.0005,0.0001,0.0004,0.0075,0,0,0.0002,0.0007,0,0.0002,0.0001,0,0.0066,0,0,0.0001,0,"missense_variant		0	25080	29	128812	rs149512214"
6,149833321,149833321,C,T,"exonic","PPIL4",0,"synonymous SNV","PPIL4:NM_139126:exon12:c.G1197A:p.E399E","6q25.1",1.676338,14.27,0.0001,0.0002,0,0,0,0.0002,0,0,0.0001,0.0002,0,0,0,0,0.0002,0,0,0.0001,0.0001,0,0,0,0,0.0002,0,"missense_variant		0	25088	28	128840	rs144132135"
6,149833322,149833322,T,G,"exonic","PPIL4",0,"nonsynonymous SNV","PPIL4:NM_139126:exon12:c.A1196C:p.E399A","6q25.1",1.744820,14.66,9.907e-05,0,0,0.0014,0,0,0,0,4.482e-05,0,0,0,0.0006,0,0,0,0,0,0,0,0,0,0,0,0,"missense_variant		0	21612	0	113426	rs779511178"
6,149833324,149833324,A,G,"exonic","PPIL4",0,"synonymous SNV","PPIL4:NM_139126:exon12:c.T1194C:p.D398D","6q25.1",0.726555,9.000,8.252e-06,0,0,0,0,0,0,6.095e-05,4.072e-06,0,0,0,0,0,0,0,3.265e-05,0,0,0,0,0,0,0,0,"missense_variant		0	21624	0	113452	rs748883421"
6,149833340,149833340,G,C,"exonic","PPIL4",0,"nonsynonymous SNV","PPIL4:NM_139126:exon12:c.C1178G:p.S393C","6q25.1",4.779790,24.7,0,0,0,0,0,0,0,0,4.065e-06,0,2.981e-05,0,0,0,0,0,0,0,0,0,0,0,0,0,0,"missense_variant		0	21642	0	113592	rs1399913425"
6,149833342,149833342,A,T,"exonic","PPIL4",0,"stopgain","PPIL4:NM_139126:exon12:c.T1176A:p.C392X","6q25.1",13.585961,42,8.242e-06,0,0,0,0,1.5e-05,0,0,4.065e-06,0,0,0,0,0,8.965e-06,0,0,0,0,0,0,0,0,0,0,"stop_gained		0	21640	1	113588	rs768187193"
6,149833345,149833345,G,A,"exonic","PPIL4",0,"synonymous SNV","PPIL4:NM_139126:exon12:c.C1173T:p.H391H","6q25.1",0.845220,9.740,0,0,0,0,0,0,0,0,4.065e-06,0,0,0,0,0,8.965e-06,0,0,0,0,0,0,0,0,0,0,"missense_variant		0	21638	1	113594	rs1407844515"
6,149833349,149833349,T,C,"exonic","PPIL4",0,"nonsynonymous SNV","PPIL4:NM_139126:exon12:c.A1169G:p.H390R","6q25.1",0.371462,6.362,8.24e-06,0,0,0,0,1.499e-05,0,0,4.064e-06,0,0,0,0,0,8.961e-06,0,0,0,0,0,0,0,0,0,0,"missense_variant		0	21642	1	113644	rs774053905"
6,149833350,149833350,G,A,"exonic","PPIL4",0,"nonsynonymous SNV","PPIL4:NM_139126:exon12:c.C1168T:p.H390Y","6q25.1",0.963102,10.45,8.24e-06,0,0,0,0,1.499e-05,0,0,4.065e-06,0,0,0,0,0,8.967e-06,0,0,0,0,0,0,0,0,0,0,"missense_variant		0	21638	1	113570	rs747835467"
6,149833351,149833351,G,C,"exonic","PPIL4",0,"synonymous SNV","PPIL4:NM_139126:exon12:c.C1167G:p.T389T","6q25.1",0.651091,8.504,8.24e-06,9.614e-05,0,0,0,0,0,0,4.066e-06,6.538e-05,0,0,0,0,0,0,0,3.231e-05,0.0001,0,0,0,0,0,0,"missense_variant		0	25110	0	129002	rs377351697"
6,149833354,149833354,T,C,"exonic","PPIL4",0,"synonymous SNV","PPIL4:NM_139126:exon12:c.A1164G:p.K388K","6q25.1",0.685530,8.732,3.296e-05,0.0004,0,0,0,0,0,0,2.844e-05,0.0005,0,0,0,0,0,0,0,9.685e-05,0.0003,0,0,0,0,0,0,"missense_variant		0	25116	0	129100	rs148702522"
6,149833363,149833363,G,T,"exonic","PPIL4",0,"nonsynonymous SNV","PPIL4:NM_139126:exon12:c.C1155A:p.H385Q","6q25.1",2.025260,16.37,8.239e-06,0,0,0,0,0,0,6.058e-05,4.063e-06,0,0,0,0,0,0,0,3.25e-05,0,0,0,0,0,0,0,0,"missense_variant		0	21642	0	113656	rs760656623"
6,149833363,149833363,G,A,"exonic","PPIL4",0,"synonymous SNV","PPIL4:NM_139126:exon12:c.C1155T:p.H385H","6q25.1",0.699907,8.826,0,0,0,0,0,0,0,0,4.063e-06,0,0,0,0,0,8.959e-06,0,0,0,0,0,0,0,0,0,0,"missense_variant		0	21642	1	113656	rs760656623"
6,149833364,149833364,T,C,"exonic","PPIL4",0,"nonsynonymous SNV","PPIL4:NM_139126:exon12:c.A1154G:p.H385R","6q25.1",1.420324,12.89,0,0,0,0,0,0,0,0,4.063e-06,0,0,0,5.798e-05,0,0,0,0,0,0,0,0,0,0,0,0,"missense_variant		0	21642	0	113686	rs1350338044"
6,149833365,149833365,G,A,"exonic","PPIL4",0,"nonsynonymous SNV","PPIL4:NM_139126:exon12:c.C1153T:p.H385Y","6q25.1",3.520919,23.1,8.239e-06,0,0,0,0,1.499e-05,0,0,8.127e-06,0,0,0,0.0001,0,0,0,0,0,0,0,0,0,0,0,0,"missense_variant		0	21640	1	113656	rs183200782"
6,149833371,149833371,T,C,"exonic","PPIL4",0,"nonsynonymous SNV","PPIL4:NM_139126:exon12:c.A1147G:p.K383E","6q25.1",4.816911,24.8,2.472e-05,0,0,0,0,0,0,0.0002,1.219e-05,0,0,0,0,0,0,0,9.749e-05,0,0,0,0,0,0,0,0,"missense_variant		0	21644	0	113684	rs776561241"
6,149833372,149833372,A,G,"exonic","PPIL4",0,"synonymous SNV","PPIL4:NM_139126:exon12:c.T1146C:p.S382S","6q25.1",0.933205,10.27,0,0,0,0,0,0,0,0,8.127e-06,0,0,0.0001,0,0,8.959e-06,0,0,0,0,0,0,0,0,0,0,"missense_variant		0	21640	1	113656	rs1460123450"
6,149833376,149833376,G,T,"exonic","PPIL4",0,"nonsynonymous SNV","PPIL4:NM_139126:exon12:c.C1142A:p.T381K","6q25.1",2.185303,17.41,0,0,0,0,0,0,0,0,4.063e-06,0,0,0,0,0,8.958e-06,0,0,0,0,0,0,0,0,0,0,"missense_variant		0	21642	1	113662	rs867100116"
6,149833376,149833376,G,A,"exonic","PPIL4",0,"nonsynonymous SNV","PPIL4:NM_139126:exon12:c.C1142T:p.T381I","6q25.1",3.045957,22.4,0,0,0,0,0,0,0,0,0,0,0,0,0,0,0,0,0,0,0,0,0,0,0,0,0,"stop_gained	lof_flag	0	21642	1	113662	rs867100116"
6,149833385,149833385,T,A,"exonic","PPIL4",0,"nonsynonymous SNV","PPIL4:NM_139126:exon12:c.A1133T:p.H378L","6q25.1",3.504665,23.1,0,0,0,0,0,0,0,0,1.626e-05,0,0.0001,0,0,0,0,0,0,0,0,0,0,0,0,0,0,"missense_variant		0	21644	0	113656	rs1459165765"
6,149833389,149833389,T,C,"exonic","PPIL4",0,"nonsynonymous SNV","PPIL4:NM_139126:exon12:c.A1129G:p.S377G","6q25.1",0.500243,7.433,0,0,0,0,0,0,0,0,0,0,0,0,0,0,0,0,0,3.228e-05,0,0,0,0,0,6.662e-05,0,"missense_variant		0	25120	2	129106	rs1179412145"
6,149833391,149833391,G,A,"exonic","PPIL4",0,"nonsynonymous SNV","PPIL4:NM_139126:exon12:c.C1127T:p.S376L","6q25.1",3.698133,23.3,0.0022,0.0228,0.0019,0,0,0.0001,0.0011,0,0.0019,0.0242,0.0018,0,0,0,0.0001,0.0016,3.25e-05,0.0080,0.0280,0.0036,0,0,0,0,0.0020,"stop_gained	lof_flag	0	25108	17	129052	rs141874064"
6,149833404,149833404,C,T,"exonic","PPIL4",0,"nonsynonymous SNV","PPIL4:NM_139126:exon12:c.G1114A:p.E372K","6q25.1",4.033821,23.7,4.12e-05,0,0.0003,0,0,1.499e-05,0,0,4.066e-05,0,0.0003,0,0,0,8.966e-06,0,0,0,0,0,0,0,0,0,0,"missense_variant		0	21626	1	113596	rs765310002"
6,149833405,149833405,G,A,"exonic","PPIL4",0,"synonymous SNV","PPIL4:NM_139126:exon12:c.C1113T:p.A371A","6q25.1",1.855220,15.32,6.593e-05,9.615e-05,0,0,0,8.995e-05,0.0011,0,6.098e-05,6.538e-05,0,0,5.8e-05,0,0.0001,0,0,6.463e-05,0.0001,0,0,0,0,6.668e-05,0,"missense_variant		0	25104	14	129014	rs371642016"
6,149833406,149833406,G,A,"exonic","PPIL4",0,"nonsynonymous SNV","PPIL4:NM_139126:exon12:c.C1112T:p.A371V","6q25.1",2.013450,16.30,0,0,0,0,0,0,0,0,4.065e-06,0,0,0,0,0,8.964e-06,0,0,0,0,0,0,0,0,0,0,"missense_variant		0	21630	1	113610	rs1172918891"
6,149833407,149833407,C,T,"exonic","PPIL4",0,"nonsynonymous SNV","PPIL4:NM_139126:exon12:c.G1111A:p.A371T","6q25.1",2.729776,21.0,0,0,0,0,0,0,0,0,4.066e-06,0,0,0,0,0,0,0,3.252e-05,0,0,0,0,0,0,0,0,"missense_variant		0	21626	0	113588	rs1431229749"
6,149833414,149833414,A,G,"exonic","PPIL4",0,"synonymous SNV","PPIL4:NM_139126:exon12:c.T1104C:p.D368D","6q25.1",0.789538,9.399,0,0,0,0,0,0,0,0,4.07e-06,0,0,0,0,0,8.966e-06,0,0,0,0,0,0,0,0,0,0,"start_lost		0	21616	1	113564	rs1467860248"
6,149833416,149833422,CTAATAT,C,"exonic","PPIL4",0,"nonframeshift substitution","PPIL4:NM_139126:exon12:c.1096_1102delinsG:p.I366_L367del","6q25.1",0,0,0.0004,0,0,0,0.0017,0.0006,0,0,0.0004,0,5.971e-05,0,0,0.0009,0.0007,0.0005,0,0.0006,0.0001,0,0,0,0.0017,0.0007,0.0020,"inframe_deletion		28	25086	90	128998	rs535267469"
6,149833421,149833421,A,AT,"exonic","PPIL4",0,"frameshift substitution","PPIL4:NM_139126:exon12:c.1097delinsAT:p.I366Nfs*4","6q25.1",0,0,0,0,0,0,0,0,0,0,1.222e-05,0,8.975e-05,0,0,0,0,0,0,3.228e-05,0,0.0012,0,0,0,0,0,"frameshift_variant		0	25092	0	128930	rs755428882"
6,149833424,149833424,A,G,"exonic","PPIL4",0,"nonsynonymous SNV","PPIL4:NM_139126:exon12:c.T1094C:p.L365P","6q25.1",5.392496,26.0,8.257e-06,0,0,0,0,1.5e-05,0,0,4.076e-06,0,0,0,0,0,8.974e-06,0,0,0,0,0,0,0,0,0,0,"missense_variant		0	21606	1	113448	rs374144563"
6,149833428,149833428,C,T,"exonic","PPIL4",0,"nonsynonymous SNV","PPIL4:NM_139126:exon12:c.G1090A:p.D364N","6q25.1",4.460106,24.2,0,0,0,0,0,0,0,0,1.224e-05,0,6.001e-05,0,0,0,8.984e-06,0,0,0,0,0,0,0,0,0,0,"missense_variant		0	21592	1	113340	rs1335681406"
6,149833429,149833429,G,T,"exonic","PPIL4",0,"stopgain","PPIL4:NM_139126:exon12:c.C1089A:p.Y363X","6q25.1",9.418336,35,8.27e-06,0,0,0,0,1.501e-05,0,0,4.082e-06,0,0,0,0,0,8.986e-06,0,0,0,0,0,0,0,0,0,0,"stop_gained		0	21594	1	113314	rs368515515"
6,149833439,149833439,C,T,"splicing","PPIL4","NM_139126:exon12:c.1080-1G>A",0,0,"6q25.1",5.829510,27.2,8.304e-06,0,0,0.0001,0,0,0,0,4.097e-06,0,0,0,5.842e-05,0,0,0,0,0,0,0,0,0,0,0,0,"splice_acceptor_variant		0	21558	0	113026	rs781754938"
6,149838497,149838497,T,G,"exonic","PPIL4",0,"nonsynonymous SNV","PPIL4:NM_139126:exon11:c.A1072C:p.K358Q","6q25.1",2.452376,19.16,0,0,0,0,0,0,0,0,0,0,0,0,0,0,0,0,0,3.231e-05,0,0.0012,0,0,0,0,0,"missense_variant		0	3472	0	15430	rs1207247321"
6,149838500,149838500,G,A,"exonic","PPIL4",0,"nonsynonymous SNV","PPIL4:NM_139126:exon11:c.C1069T:p.P357S","6q25.1",1.964999,15.99,0,0,0,0,0,0,0,0,4.092e-06,0,0,0,0,0,9.007e-06,0,0,0,0,0,0,0,0,0,0,"missense_variant		0	21578	1	113002	rs1364252351"
6,149838506,149838506,C,A,"exonic","PPIL4",0,"nonsynonymous SNV","PPIL4:NM_139126:exon11:c.G1063T:p.V355L","6q25.1",3.197610,22.7,0,0,0,0,0,0,0,0,4.085e-06,0,0,0,0,0,8.998e-06,0,0,0,0,0,0,0,0,0,0,"missense_variant		0	21578	1	113114	rs1299166477"
6,149838529,149838529,G,A,"exonic","PPIL4",0,"nonsynonymous SNV","PPIL4:NM_139126:exon11:c.C1040T:p.P347L","6q25.1",2.387834,18.74,8.594e-06,0,0,0,0,0,0,6.295e-05,4.078e-06,0,0,0,0,0,0,0,3.259e-05,0,0,0,0,0,0,0,0,"missense_variant		0	21618	0	113252	rs780943934"
6,149838537,149838537,A,T,"exonic","PPIL4",0,"nonsynonymous SNV","PPIL4:NM_139126:exon11:c.T1032A:p.D344E","6q25.1",-0.152003,1.374,8.613e-06,0,0,0,0,1.578e-05,0,0,8.182e-06,0,0,0,0,0,1.8e-05,0,0,0,0,0,0,0,0,0,0,"missense_variant		0	21606	2	113098	rs745852125"
6,149838542,149838542,G,T,"exonic","PPIL4",0,"nonsynonymous SNV","PPIL4:NM_139126:exon11:c.C1027A:p.Q343K","6q25.1",0.751448,9.160,0,0,0,0,0,0,0,0,4.102e-06,0,0,0,0,0,0,0,3.277e-05,0,0,0,0,0,0,0,0,"missense_variant		0	21594	0	112834	rs1289766364"
6,149838554,149838554,A,G,"exonic","PPIL4",0,"nonsynonymous SNV","PPIL4:NM_139126:exon11:c.T1015C:p.Y339H","6q25.1",4.031059,23.7,0,0,0,0,0,0,0,0,8.254e-06,0,0,0,5.9e-05,0,0,0,3.296e-05,0,0,0,0,0,0,0,0,"missense_variant		0	21542	0	112384	rs1261042837"
6,149838566,149838566,C,T,"exonic","PPIL4",0,"nonsynonymous SNV","PPIL4:NM_139126:exon11:c.G1003A:p.D335N","6q25.1",3.844776,23.4,8.954e-06,0,0,0.0001,0,0,0,0,4.194e-06,0,0,0,5.986e-05,0,0,0,0,0,0,0,0,0,0,0,0,"missense_variant		0	21432	0	111242	rs763082000"
6,149838584,149838584,C,T,"exonic","PPIL4",0,"nonsynonymous SNV","PPIL4:NM_139126:exon11:c.G985A:p.G329R","6q25.1",3.994617,23.6,0,0,0,0,0,0,0,0,4.976e-06,0,0,0,0,0,0,0,4.305e-05,0,0,0,0,0,0,0,0,"missense_variant		0	20244	0	99528	rs1184875662"
6,149838587,149838591,CTATT,C,"splicing","PPIL4",0,0,0,"6q25.1",0,0,1.006e-05,0,0,0,0,1.903e-05,0,0,5.075e-06,0,0,0,0,0,1.038e-05,0,0,0,0,0,0,0,0,0,0,"splice_acceptor_variant	lc_lof	0	19882	1	98014	rs761428138"
6,149842202,149842202,C,T,"exonic","PPIL4",0,"nonsynonymous SNV","PPIL4:NM_139126:exon10:c.G976A:p.G326R","6q25.1",5.910500,27.5,0,0,0,0,0,0,0,0,8.483e-06,0,0,0,0,0,1.833e-05,0,0,0,0,0,0,0,0,0,0,"missense_variant		0	21160	2	110994	rs1042732697"
6,149842210,149842210,T,C,"exonic","PPIL4",0,"nonsynonymous SNV","PPIL4:NM_139126:exon10:c.A968G:p.K323R","6q25.1",1.675540,14.27,8.24e-06,9.623e-05,0,0,0,0,0,0,0,0,0,0,0,0,0,0,0,0,0,0,0,0,0,0,0,"missense_variant		0	21358	0	112694	rs139481686"
6,149842213,149842213,A,G,"exonic","PPIL4",0,"nonsynonymous SNV","PPIL4:NM_139126:exon10:c.T965C:p.V322A","6q25.1",3.592851,23.2,8.239e-06,0,0,0,0,1.499e-05,0,0,1.239e-05,6.578e-05,0,0,0,0,1.805e-05,0,0,0,0,0,0,0,0,0,0,"missense_variant		0	21386	2	112752	rs761010622"
6,149842216,149842216,T,A,"exonic","PPIL4",0,"nonsynonymous SNV","PPIL4:NM_139126:exon10:c.A962T:p.K321M","6q25.1",6.218582,28.8,8.239e-06,0,0,0,0,1.499e-05,0,0,4.114e-06,0,0,0,0,0,9.006e-06,0,0,0,0,0,0,0,0,0,0,"missense_variant		0	21418	1	113006	rs766843490"
6,149842225,149842225,G,A,"exonic","PPIL4",0,"nonsynonymous SNV","PPIL4:NM_139126:exon10:c.C953T:p.S318L","6q25.1",7.344224,34,0,0,0,0,0,0,0,0,4.1e-06,0,0,0,0,0,8.992e-06,0,0,0,0,0,0,0,0,0,0,"missense_variant		0	21426	1	113178	rs1260883040"
6,149842237,149842237,T,C,"exonic","PPIL4",0,"nonsynonymous SNV","PPIL4:NM_139126:exon10:c.A941G:p.D314G","6q25.1",6.520522,31,8.239e-06,0,0,0,0,1.499e-05,0,0,4.081e-06,0,0,0,0,0,8.97e-06,0,0,0,0,0,0,0,0,0,0,"missense_variant		0	21524	1	113484	rs146693342"
6,149842243,149842243,T,C,"exonic","PPIL4",0,"nonsynonymous SNV","PPIL4:NM_139126:exon10:c.A935G:p.H312R","6q25.1",4.583701,24.4,8.239e-06,0,0,0,0,1.499e-05,0,0,4.081e-06,0,0,0,0,0,8.971e-06,0,0,0,0,0,0,0,0,0,0,"missense_variant		0	21518	1	113482	rs762505126"
6,149842249,149842250,CT,C,"exonic","PPIL4",0,"frameshift substitution","PPIL4:NM_139126:exon10:c.928_929delinsG:p.R310Efs*42","6q25.1",0,0,0,0,0,0,0,0,0,0,4.082e-06,0,0,0,0,4.515e-05,0,0,0,0,0,0,0,0,0,0,0,"frameshift_variant		1	21502	0	113454	rs1479931307"
6,149842250,149842252,TTC,T,"exonic","PPIL4",0,"frameshift substitution","PPIL4:NM_139126:exon10:c.926_928delinsA:p.R309Kfs*7","6q25.1",0,0,0,0,0,0,0,0,0,0,0,0,0,0,0,0,0,0,0,3.232e-05,0.0001,0,0,0,0,0,0,"frameshift_variant		0	3460	0	15412	rs1303263126"
6,149842258,149842258,T,A,"exonic","PPIL4",0,"nonsynonymous SNV","PPIL4:NM_139126:exon10:c.A920T:p.D307V","6q25.1",6.685601,32,0,0,0,0,0,0,0,0,4.103e-06,0,0,0,0,0,8.994e-06,0,0,0,0,0,0,0,0,0,0,"missense_variant		0	21468	1	113190	rs200207033"
6,149842260,149842260,T,C,"exonic","PPIL4",0,"nonsynonymous SNV","PPIL4:NM_139126:exon10:c.A918G:p.I306M","6q25.1",5.008631,25.1,0,0,0,0,0,0,0,0,0,0,0,0,0,0,0,0,0,3.231e-05,0,0,0,0,0,6.668e-05,0,"missense_variant		0	3464	1	15414	rs1357075714"
6,149842270,149842270,T,C,"exonic","PPIL4",0,"nonsynonymous SNV","PPIL4:NM_139126:exon10:c.A908G:p.N303S","6q25.1",5.387797,26.0,0,0,0,0,0,0,0,0,4.133e-06,0,0,0,0,0,0,0,3.467e-05,0,0,0,0,0,0,0,0,"missense_variant		0	21452	0	112708	rs895653608"
6,149842276,149842276,A,G,"exonic","PPIL4",0,"nonsynonymous SNV","PPIL4:NM_139126:exon10:c.T902C:p.M301T","6q25.1",5.789724,27.1,0,0,0,0,0,0,0,0,1.254e-05,0,9.35e-05,0,0,0,0,0,0,0,0,0,0,0,0,0,0,"missense_variant		0	21366	0	112052	rs548379562"
6,149842279,149842279,T,A,"exonic","PPIL4",0,"nonsynonymous SNV","PPIL4:NM_139126:exon10:c.A899T:p.K300I","6q25.1",6.032904,28.0,8.241e-06,0,0,0,0,0,0,6.061e-05,4.17e-06,0,0,0,0,0,0,0,3.567e-05,0,0,0,0,0,0,0,0,"missense_variant		0	21372	0	112178	rs763730204"
6,149842284,149842284,G,T,"exonic","PPIL4",0,"nonsynonymous SNV","PPIL4:NM_139126:exon10:c.C894A:p.F298L","6q25.1",4.464191,24.2,8.242e-06,0,0,0,0,1.499e-05,0,0,4.22e-06,0,0,0,0,0,9.139e-06,0,0,0,0,0,0,0,0,0,0,"missense_variant		0	21238	1	111408	rs751158332"
6,149842286,149842286,A,C,"exonic","PPIL4",0,"nonsynonymous SNV","PPIL4:NM_139126:exon10:c.T892G:p.F298V","6q25.1",6.121911,28.3,8.243e-06,9.634e-05,0,0,0,0,0,0,0,0,0,0,0,0,0,0,0,0,0,0,0,0,0,0,0,"missense_variant		0	21230	0	111306	rs199588408"
6,149842309,149842309,T,C,"splicing","PPIL4","NM_139126:exon10:c.871-2A>G",0,0,"6q25.1",2.401558,18.83,8.277e-06,0,8.666e-05,0,0,0,0,0,4.369e-06,0,3.473e-05,0,0,0,0,0,0,0,0,0,0,0,0,0,0,"splice_acceptor_variant		0	20524	0	109456	rs767138150"
6,149846277,149846277,A,G,"splicing","PPIL4","NM_139126:exon9:c.870+2T>C",0,0,"6q25.1",4.107710,23.7,0,0,0,0,0,0,0,0,0,0,0,0,0,0,0,0,0,0,0,0,0,0,0,0,0,"splice_donor_variant		1	21276	0	107616	rs1366113736"
6,149846291,149846291,A,C,"exonic","PPIL4",0,"nonsynonymous SNV","PPIL4:NM_139126:exon9:c.T858G:p.I286M","6q25.1",5.209211,25.5,8.275e-06,0,0,0,0,1.505e-05,0,0,4.316e-06,0,0,0,0,0,9.321e-06,0,0,0,0,0,0,0,0,0,0,"missense_variant		0	21366	1	108814	rs761300511"
6,149846298,149846298,G,C,"exonic","PPIL4",0,"nonsynonymous SNV","PPIL4:NM_139126:exon9:c.C851G:p.A284G","6q25.1",6.885035,33,0,0,0,0,0,0,0,0,4.333e-06,0,0,0,0,0,9.349e-06,0,0,0,0,0,0,0,0,0,0,"missense_variant		0	21322	1	108464	rs199531752"
6,149846299,149846299,C,T,"exonic","PPIL4",0,"nonsynonymous SNV","PPIL4:NM_139126:exon9:c.G850A:p.A284T","6q25.1",7.835729,35,8.271e-06,0,0,0,0,1.504e-05,0,0,8.668e-06,0,0,0,0,0,1.87e-05,0,0,3.266e-05,0.0001,0,0,0,0,0,0,"missense_variant		0	24702	2	123692	rs767135950"
6,149846300,149846300,G,GT,"exonic","PPIL4",0,"stopgain","PPIL4:NM_139126:exon9:c.849delinsAC:p.Y283*","6q25.1",0,0,0,0,0,0,0,0,0,0,0,0,0,0,0,0,0,0,0,0,0,0,0,0,0,0,0,"stop_gained		0	21336	1	108494	rs201890339"
6,149846300,149846300,G,T,"exonic","PPIL4",0,"stopgain","PPIL4:NM_139126:exon9:c.C849A:p.Y283X","6q25.1",10.710852,36,0,0,0,0,0,0,0,0,4.333e-06,0,0,0,0,0,9.347e-06,0,0,0,0,0,0,0,0,0,0,"stop_gained		0	21336	1	108494	rs201890339"
6,149846308,149846308,G,A,"exonic","PPIL4",0,"nonsynonymous SNV","PPIL4:NM_139126:exon9:c.C841T:p.L281F","6q25.1",6.532477,31,0,0,0,0,0,0,0,0,4.309e-06,0,0,0,0,0,9.316e-06,0,0,0,0,0,0,0,0,0,0,"missense_variant		0	21348	1	108912	rs1359177144"
6,149846319,149846319,G,A,"exonic","PPIL4",0,"nonsynonymous SNV","PPIL4:NM_139126:exon9:c.C830T:p.T277I","6q25.1",4.587409,24.4,8.277e-06,0,0,0,0,1.506e-05,0,0,8.662e-06,0,0,0,0,0,1.87e-05,0,0,0,0,0,0,0,0,0,0,"missense_variant		0	21326	2	108494	rs766127991"
6,149846320,149846320,T,C,"exonic","PPIL4",0,"nonsynonymous SNV","PPIL4:NM_139126:exon9:c.A829G:p.T277A","6q25.1",5.656794,26.7,8.277e-06,0,0,0,0.0002,0,0,0,8.648e-06,0,0,0,0,0,1.866e-05,0,0,0,0,0,0,0,0,0,0,"missense_variant		0	21308	2	108728	rs753680310"
6,149846331,149846331,C,T,"exonic","PPIL4",0,"nonsynonymous SNV","PPIL4:NM_139126:exon9:c.G818A:p.R273Q","6q25.1",7.899726,35,0,0,0,0,0,0,0,0,0,0,0,0,0,0,0,0,0,6.575e-05,0.0001,0,0,0,0,6.764e-05,0,"missense_variant		0	3276	1	15158	rs1487491098"
6,149846343,149846343,C,G,"exonic","PPIL4",0,"nonsynonymous SNV","PPIL4:NM_139126:exon9:c.G806C:p.C269S","6q25.1",6.403150,29.6,8.294e-06,0,0,0.0001,0,0,0,0,4.745e-06,0,0,0,7.221e-05,0,0,0,0,0,0,0,0,0,0,0,0,"missense_variant		0	20736	0	101556	rs778887880"
6,149847795,149847795,T,C,"exonic","PPIL4",0,"nonsynonymous SNV","PPIL4:NM_139126:exon8:c.A796G:p.I266V","6q25.1",2.280566,18.04,2.475e-05,0,0,0,0,4.503e-05,0,0,1.235e-05,0,0,0,0,0,2.709e-05,0,0,0,0,0,0,0,0,0,0,"missense_variant		0	21444	3	112696	rs777685496"
6,149847805,149847805,T,A,"exonic","PPIL4",0,"nonsynonymous SNV","PPIL4:NM_139126:exon8:c.A786T:p.R262S","6q25.1",5.778870,27.1,0,0,0,0,0,0,0,0,1.228e-05,0,9.103e-05,0,0,0,0,0,0,0,0,0,0,0,0,0,0,"missense_variant		0	21534	0	113152	rs1336990576"
6,149847807,149847807,T,C,"exonic","PPIL4",0,"nonsynonymous SNV","PPIL4:NM_139126:exon8:c.A784G:p.R262G","6q25.1",6.393423,29.6,0,0,0,0,0,0,0,0,0,0,0,0,0,0,0,0,0,3.229e-05,0,0,0,0,0,6.661e-05,0,"missense_variant		0	3474	1	15432	rs1297344701"
6,149847810,149847810,A,C,"exonic","PPIL4",0,"nonsynonymous SNV","PPIL4:NM_139126:exon8:c.T781G:p.S261A","6q25.1",5.657337,26.7,0,0,0,0,0,0,0,0,4.091e-06,0,0,0,0,0,8.989e-06,0,0,0,0,0,0,0,0,0,0,"missense_variant		0	21536	1	113226	rs1407586146"
6,149847816,149847816,T,C,"exonic","PPIL4",0,"nonsynonymous SNV","PPIL4:NM_139126:exon8:c.A775G:p.I259V","6q25.1",5.225929,25.6,8.247e-06,0,0,0,0,0,0,6.059e-05,4.082e-06,0,0,0,0,0,0,0,3.281e-05,0,0,0,0,0,0,0,0,"missense_variant		0	21572	0	113334	rs751713508"
6,149847818,149847818,A,G,"exonic","PPIL4",0,"nonsynonymous SNV","PPIL4:NM_139126:exon8:c.T773C:p.I258T","6q25.1",6.092619,28.2,8.248e-06,0,0,0,0,0,0,6.059e-05,4.082e-06,0,0,0,0,0,0,0,3.281e-05,0,0,0,0,0,0,0,0,"missense_variant		0	21558	0	113342	rs757543575"
6,149847819,149847819,T,C,"exonic","PPIL4",0,"nonsynonymous SNV","PPIL4:NM_139126:exon8:c.A772G:p.I258V","6q25.1",2.128165,17.04,6.598e-05,0.0008,0,0,0,0,0,0,4.897e-05,0.0008,0,0,0,0,0,0,0,0.0003,0.0009,0,0,0,0,0,0,"missense_variant		0	25056	0	128800	rs141040049"
6,149847833,149847833,T,C,"exonic","PPIL4",0,"nonsynonymous SNV","PPIL4:NM_139126:exon8:c.A758G:p.D253G","6q25.1",3.305901,22.9,1.649e-05,0,0,0,0,3.001e-05,0,0,2.848e-05,0,0,0,5.802e-05,0,5.381e-05,0,0,0,0,0,0,0,0,0,0,"missense_variant		0	21618	6	113508	rs150257680"
6,149847837,149847837,T,G,"exonic","PPIL4",0,"nonsynonymous SNV","PPIL4:NM_139126:exon8:c.A754C:p.T252P","6q25.1",6.112068,28.3,0,0,0,0,0,0,0,0,0,0,0,0,0,0,0,0,0,6.454e-05,0.0002,0,0,0,0,0,0,"missense_variant		0	3476	0	15432	rs1433119464"
6,149847842,149847842,A,C,"exonic","PPIL4",0,"nonsynonymous SNV","PPIL4:NM_139126:exon8:c.T749G:p.V250G","6q25.1",5.731266,26.9,0,0,0,0,0,0,0,0,0,0,0,0,0,0,0,0,0,0,0,0,0,0,0,0,0,"missense_variant		0	21614	0	113544	rs545513673"
6,149847852,149847852,A,T,"exonic","PPIL4",0,"nonsynonymous SNV","PPIL4:NM_139126:exon8:c.T739A:p.L247M","6q25.1",5.474972,26.2,8.249e-06,0,0,0.0001,0,0,0,0,8.134e-06,0,0,0,0.0001,0,0,0,0,3.229e-05,0,0,0,0.0006,0,0,0,"missense_variant		0	25098	0	128990	rs770301665"
6,149847861,149847861,C,T,"exonic","PPIL4",0,"nonsynonymous SNV","PPIL4:NM_139126:exon8:c.G730A:p.V244M","6q25.1",6.840714,33,1.65e-05,0,0,0,0,0,0,0.0001,8.136e-06,0,0,0,0,0,0,0,6.512e-05,0,0,0,0,0,0,0,0,"missense_variant		0	21610	0	113538	rs749725290"
6,149847861,149847861,C,CA,"exonic","PPIL4",0,"frameshift substitution","PPIL4:NM_139126:exon8:c.730delinsTG:p.V244Cfs*3","6q25.1",0,0,2.475e-05,0,0,0,0,4.505e-05,0,0,2.034e-05,0,0,0,0,0,4.483e-05,0,0,6.456e-05,0,0,0,0,0,0.0001,0,"frameshift_variant		0	25084	6	128972	rs749725290"
6,149847870,149847870,C,T,"exonic","PPIL4",0,"nonsynonymous SNV","PPIL4:NM_139126:exon8:c.G721A:p.V241I","6q25.1",6.508408,31,8.255e-06,0,0,0,0,1.502e-05,0,0,8.14e-06,0,0,0,5.802e-05,0,8.971e-06,0,0,0,0,0,0,0,0,0,0,"missense_variant		0	21602	1	113488	rs769253589"
6,149847872,149847872,T,C,"exonic","PPIL4",0,"nonsynonymous SNV","PPIL4:NM_139126:exon8:c.A719G:p.N240S","6q25.1",5.256657,25.7,8.255e-06,0,0,0,0,1.502e-05,0,0,4.07e-06,0,0,0,0,0,8.971e-06,0,0,0,0,0,0,0,0,0,0,"missense_variant		0	21600	1	113492	rs772581188"
6,149847888,149847888,T,C,"exonic","PPIL4",0,"nonsynonymous SNV","PPIL4:NM_139126:exon8:c.A703G:p.I235V","6q25.1",1.189828,11.69,8.261e-06,0,0,0,0,1.503e-05,0,0,4.073e-06,0,0,0,0,0,8.975e-06,0,0,0,0,0,0,0,0,0,0,"missense_variant		0	21584	1	113452	rs746588233"
6,149847890,149847890,T,G,"exonic","PPIL4",0,"nonsynonymous SNV","PPIL4:NM_139126:exon8:c.A701C:p.D234A","6q25.1",6.361156,29.4,5.785e-05,0,0,0,0,0,0,0.0004,4.486e-05,0,0,0,0,0,0,0,0.0004,0,0,0,0,0,0,0,0,"missense_variant		0	21578	0	113374	rs770502926"
6,149847897,149847897,C,G,"exonic","PPIL4",0,"nonsynonymous SNV","PPIL4:NM_139126:exon8:c.G694C:p.D232H","6q25.1",4.793456,24.7,4.965e-05,0,0,0,0,9.041e-05,0,0,5.302e-05,0,0.0001,0,0,0,7.185e-05,0.0002,0,0,0,0,0,0,0,0,0,"missense_variant		0	21548	8	113348	rs776278285"
6,149854592,149854592,A,G,"splicing","PPIL4","NM_139126:exon7:c.678+2T>C",0,0,"6q25.1",5.233775,25.6,8.258e-06,0,0,0,0,1.502e-05,0,0,4.08e-06,0,0,0,0,0,8.987e-06,0,0,0,0,0,0,0,0,0,0,"splice_donor_variant		0	21448	1	113302	rs749717599"
6,149854594,149854594,C,T,"exonic","PPIL4",0,"nonsynonymous SNV","PPIL4:NM_139126:exon7:c.G678A:p.M226I","6q25.1",2.509240,19.53,0,0,0,0,0,0,0,0,4.085e-06,6.549e-05,0,0,0,0,0,0,0,0,0,0,0,0,0,0,0,"missense_variant		0	21450	0	113232	rs1272378354"
6,149854601,149854601,A,T,"exonic","PPIL4",0,"stopgain","PPIL4:NM_139126:exon7:c.T671A:p.L224X","6q25.1",13.768463,43,0,0,0,0,0,0,0,0,4.073e-06,0,0,0,0,0,8.979e-06,0,0,0,0,0,0,0,0,0,0,"stop_gained		0	21500	1	113390	rs1199843733"
6,149854606,149854606,T,C,"exonic","PPIL4",0,"nonsynonymous SNV","PPIL4:NM_139126:exon7:c.A666G:p.I222M","6q25.1",3.240065,22.8,8.25e-06,0,0,0,0,1.501e-05,0,0,4.069e-06,0,0,0,0,0,8.972e-06,0,0,0,0,0,0,0,0,0,0,"missense_variant		0	21534	1	113486	rs755434645"
6,149854639,149854639,T,C,"exonic","PPIL4",0,"nonsynonymous SNV","PPIL4:NM_139126:exon7:c.A633G:p.I211M","6q25.1",0.301761,5.711,0,0,0,0,0,0,0,0,0,0,0,0,0,0,0,0,0,3.227e-05,0,0,0,0,0,6.659e-05,0,"missense_variant		0	3476	1	15432	rs1216427646"
6,149854641,149854641,T,G,"exonic","PPIL4",0,"nonsynonymous SNV","PPIL4:NM_139126:exon7:c.A631C:p.I211L","6q25.1",2.136659,17.09,0,0,0,0,0,0,0,0,4.067e-06,0,0,0,0,0,8.968e-06,0,0,0,0,0,0,0,0,0,0,"missense_variant		0	21558	1	113544	rs1431047107"
6,149854644,149854644,C,T,"exonic","PPIL4",0,"nonsynonymous SNV","PPIL4:NM_139126:exon7:c.G628A:p.E210K","6q25.1",4.643971,24.5,8.27e-06,0,0,0.0001,0,0,0,0,4.068e-06,0,0,0,5.801e-05,0,0,0,0,0,0,0,0,0,0,0,0,"missense_variant		0	21536	0	113528	rs541367216"
6,149854644,149854644,C,A,"exonic","PPIL4",0,"stopgain","PPIL4:NM_139126:exon7:c.G628T:p.E210X","6q25.1",12.900122,40,0,0,0,0,0,0,0,0,0,0,0,0,0,0,0,0,0,0,0,0,0,0,0,0,0,"stop_gained		0	21536	1	113528	rs541367216"
6,149854646,149854649,TCTA,T,"exonic","PPIL4",0,"nonframeshift substitution","PPIL4:NM_139126:exon7:c.623_626delinsA:p.V208del","6q25.1",0,0,0,0,0,0,0,0,0,0,4.067e-06,0,0,0,0,0,8.969e-06,0,0,0,0,0,0,0,0,0,0,"inframe_deletion		0	21556	1	113530	rs1373084827"
6,149854649,149854649,A,T,"exonic","PPIL4",0,"nonsynonymous SNV","PPIL4:NM_139126:exon7:c.T623A:p.V208E","6q25.1",5.506337,26.3,3.311e-05,9.656e-05,0,0,0,4.524e-05,0,0,2.44e-05,6.541e-05,2.979e-05,0,0,0,3.588e-05,0,0,0,0,0,0,0,0,0,0,"missense_variant		0	21560	4	113500	rs746463696"
6,149854650,149854650,C,T,"exonic","PPIL4",0,"nonsynonymous SNV","PPIL4:NM_139126:exon7:c.G622A:p.V208I","6q25.1",0.830616,9.651,0,0,0,0,0,0,0,0,0,0,0,0,0,0,0,0,0,3.228e-05,0,0,0,0,0,6.662e-05,0,"missense_variant		0	3474	1	15432	rs1287149726"
6,149854653,149854653,C,A,"exonic","PPIL4",0,"stopgain","PPIL4:NM_139126:exon7:c.G619T:p.E207X","6q25.1",12.695123,40,0,0,0,0,0,0,0,0,0,0,0,0,0,0,0,0,0,3.229e-05,0,0,0,0.0006,0,0,0,"stop_gained		0	3470	0	15430	rs1447267100"
6,149854663,149854663,T,A,"exonic","PPIL4",0,"nonsynonymous SNV","PPIL4:NM_139126:exon7:c.A609T:p.R203S","6q25.1",3.147907,22.6,0,0,0,0,0,0,0,0,0,0,0,0,0,0,0,0,0,0,0,0,0,0,0,0,0,"missense_variant		0	21544	0	113472	rs201839103"
6,149854670,149854670,T,C,"exonic","PPIL4",0,"nonsynonymous SNV","PPIL4:NM_139126:exon7:c.A602G:p.K201R","6q25.1",2.716321,20.9,0,0,0,0,0,0,0,0,4.069e-06,6.541e-05,0,0,0,0,0,0,0,0,0,0,0,0,0,0,0,"missense_variant		0	21522	0	113446	rs1305311685"
6,149854676,149854676,T,C,"exonic","PPIL4",0,"nonsynonymous SNV","PPIL4:NM_139126:exon7:c.A596G:p.D199G","6q25.1",6.319098,29.2,0,0,0,0,0,0,0,0,8.145e-06,0,5.971e-05,0,0,0,0,0,0,0,0,0,0,0,0,0,0,"missense_variant		0	21518	0	113366	rs879095687"
6,149854677,149854677,C,T,"exonic","PPIL4",0,"nonsynonymous SNV","PPIL4:NM_139126:exon7:c.G595A:p.D199N","6q25.1",6.869386,33,8.418e-06,0,0,0.0001,0,0,0,0,4.071e-06,0,0,0,5.805e-05,0,0,0,0,0,0,0,0,0,0,0,0,"missense_variant		0	21514	0	113354	rs200795369"
6,149854681,149854681,A,C,"exonic","PPIL4",0,"nonsynonymous SNV","PPIL4:NM_139126:exon7:c.T591G:p.I197M","6q25.1",3.492820,23.1,0,0,0,0,0,0,0,0,2.443e-05,0,0,0,0,0,5.389e-05,0,0,0,0,0,0,0,0,0,0,"missense_variant		0	21508	6	113372	rs769536073"
6,149854691,149854691,T,C,"exonic","PPIL4",0,"nonsynonymous SNV","PPIL4:NM_139126:exon7:c.A581G:p.D194G","6q25.1",4.791543,24.7,8.645e-06,0,0,0,0,0,0,6.227e-05,4.075e-06,0,0,0,0,0,0,0,3.253e-05,0,0,0,0,0,0,0,0,"missense_variant		0	21480	0	113232	rs762876042"
6,149854697,149854697,C,T,"exonic","PPIL4",0,"nonsynonymous SNV","PPIL4:NM_139126:exon7:c.G575A:p.G192E","6q25.1",5.140152,25.4,8.795e-06,9.925e-05,0,0,0,0,0,0,4.085e-06,6.556e-05,0,0,0,0,0,0,0,0,0,0,0,0,0,0,0,"missense_variant		0	21430	0	112888	rs145855223"
6,149854697,149854710,CCTATTCGACCACT,C,"exonic","PPIL4",0,"frameshift substitution","PPIL4:NM_139126:exon7:c.562_575delinsG:p.S188Efs*17","6q25.1",0,0,0,0,0,0,0,0,0,0,4.085e-06,0,0,0,0,0,9.017e-06,0,0,0,0,0,0,0,0,0,0,"frameshift_variant		0	21430	1	112888	rs145855223"
6,149854703,149854703,C,A,"exonic","PPIL4",0,"nonsynonymous SNV","PPIL4:NM_139126:exon7:c.G569T:p.R190L","6q25.1",6.065758,28.1,0,0,0,0,0,0,0,0,0,0,0,0,0,0,0,0,0,0,0,0,0,0,0,0,0,"missense_variant		0	21368	1	112528	rs761940773"
6,149854703,149854703,C,T,"exonic","PPIL4",0,"nonsynonymous SNV","PPIL4:NM_139126:exon7:c.G569A:p.R190Q","6q25.1",6.332497,29.3,8.944e-06,0,0,0,0,0,0,6.342e-05,4.098e-06,0,0,0,0,0,0,0,3.277e-05,3.23e-05,0,0,0,0,0,6.662e-05,0,"missense_variant		0	24832	1	127954	rs761940773"
6,149854704,149854704,G,A,"exonic","PPIL4",0,"stopgain","PPIL4:NM_139126:exon7:c.C568T:p.R190X","6q25.1",12.988012,40,1.798e-05,0,0,0,0,3.338e-05,0,0,1.231e-05,0,3.006e-05,0,5.839e-05,0,9.063e-06,0,0,0,0,0,0,0,0,0,0,"stop_gained		0	21350	2	112322	rs200459792"
6,149855813,149855813,C,T,"splicing","PPIL4","NM_139126:exon6:c.561+1G>A",0,0,"6q25.1",5.960965,27.7,0,0,0,0,0,0,0,0,4.335e-06,0,0,0,0,0,9.258e-06,0,0,0,0,0,0,0,0,0,0,"splice_donor_variant		0	21342	1	109922	rs1006292802"
6,149855815,149855815,T,C,"exonic","PPIL4",0,"nonsynonymous SNV","PPIL4:NM_139126:exon6:c.A560G:p.D187G","6q25.1",2.961070,22.1,0,0,0,0,0,0,0,0,4.325e-06,0,3.579e-05,0,0,0,0,0,0,0,0,0,0,0,0,0,0,"missense_variant		0	21356	0	110062	rs1365936795"
6,149855816,149855816,C,T,"exonic","PPIL4",0,"nonsynonymous SNV","PPIL4:NM_139126:exon6:c.G559A:p.D187N","6q25.1",3.235990,22.8,0,0,0,0,0,0,0,0,0,0,0,0,0,0,0,0,0,0,0,0,0,0,0,0,0,"missense_variant		0	21344	0	109938	rs1455805626"
6,149855816,149855816,C,A,"exonic","PPIL4",0,"nonsynonymous SNV","PPIL4:NM_139126:exon6:c.G559T:p.D187Y","6q25.1",5.068824,25.3,0,0,0,0,0,0,0,0,4.33e-06,0,0,0,0,0,9.256e-06,0,0,0,0,0,0,0,0,0,0,"missense_variant		0	21344	1	109938	rs1455805626"
6,149855826,149855826,C,A,"exonic","PPIL4",0,"nonsynonymous SNV","PPIL4:NM_139126:exon6:c.G549T:p.R183S","6q25.1",2.731014,21.0,6.6e-05,0.0003,0,0,0,7.502e-05,0,0,7.256e-05,0.0002,0,0,0,0,0.0001,0,0,6.462e-05,0,0,0,0,0,0.0001,0,"missense_variant		0	24870	17	126006	rs149016086"
6,149855827,149855827,C,T,"exonic","PPIL4",0,"nonsynonymous SNV","PPIL4:NM_139126:exon6:c.G548A:p.R183K","6q25.1",1.479735,13.21,0,0,0,0,0,0,0,0,4.223e-06,0,0,0,0,0,9.143e-06,0,0,0,0,0,0,0,0,0,0,"missense_variant		0	21472	1	111318	rs1406848401"
6,149855830,149855830,G,A,"exonic","PPIL4",0,"nonsynonymous SNV","PPIL4:NM_139126:exon6:c.C545T:p.T182I","6q25.1",6.198894,28.7,0,0,0,0,0,0,0,0,4.19e-06,0,0,0,5.976e-05,0,0,0,0,0,0,0,0,0,0,0,0,"missense_variant		0	21490	0	111860	rs1454632553"
6,149855833,149855833,G,A,"exonic","PPIL4",0,"nonsynonymous SNV","PPIL4:NM_139126:exon6:c.C542T:p.P181L","6q25.1",6.634821,32,8.249e-06,0,0,0,0,1.5e-05,0,0,1.254e-05,0,0,0,0,0,2.727e-05,0,0,0,0,0,0,0,0,0,0,"missense_variant		0	21502	3	111992	rs373225305"
6,149855836,149855836,T,G,"exonic","PPIL4",0,"nonsynonymous SNV","PPIL4:NM_139126:exon6:c.A539C:p.E180A","6q25.1",3.183093,22.7,8.249e-06,0,0,0,0,1.5e-05,0,0,4.15e-06,0,0,0,0,0,9.049e-06,0,0,0,0,0,0,0,0,0,0,"missense_variant		0	21544	1	112488	rs765555284"
6,149855837,149855837,C,G,"exonic","PPIL4",0,"nonsynonymous SNV","PPIL4:NM_139126:exon6:c.G538C:p.E180Q","6q25.1",5.042743,25.2,8.25e-06,0,0,0,0,1.5e-05,0,0,8.303e-06,0,0,0,0,0,1.81e-05,0,0,3.228e-05,0,0,0,0,0,6.66e-05,0,"missense_variant		0	25010	3	127898	rs753109950"
6,149855865,149855866,AG,A,"exonic","PPIL4",0,"frameshift substitution","PPIL4:NM_139126:exon6:c.509_510delinsT:p.P170Lfs*4","6q25.1",0,0,8.253e-06,0,0,0,0,1.501e-05,0,0,4.143e-06,0,0,0,0,0,9.043e-06,0,0,0,0,0,0,0,0,0,0,"frameshift_variant		0	21550	1	112558	rs765711546"
6,149855867,149855867,G,A,"exonic","PPIL4",0,"nonsynonymous SNV","PPIL4:NM_139126:exon6:c.C508T:p.P170S","6q25.1",1.613784,13.93,8.255e-06,0,0,0,0,0,0,6.081e-05,4.144e-06,0,0,0,0,0,0,0,3.361e-05,0,0,0,0,0,0,0,0,"missense_variant		0	21550	0	112542	rs749838924"
6,149855869,149855869,G,A,"exonic","PPIL4",0,"nonsynonymous SNV","PPIL4:NM_139126:exon6:c.C506T:p.P169L","6q25.1",6.573982,31,8.255e-06,0,0,0,0,1.501e-05,0,0,4.147e-06,0,0,0,0,0,9.051e-06,0,0,0,0,0,0,0,0,0,0,"missense_variant		0	21540	1	112448	rs755667221"
6,149855873,149855873,C,T,"exonic","PPIL4",0,"nonsynonymous SNV","PPIL4:NM_139126:exon6:c.G502A:p.D168N","6q25.1",5.687184,26.8,3.303e-05,0,0.0002,0,0,3.003e-05,0,0,2.492e-05,0,6.367e-05,0,0,0,3.624e-05,0,0,3.23e-05,0,0.0012,0,0,0,0,0,"missense_variant		0	25016	5	127744	rs534916962"
6,149855881,149855881,G,C,"exonic","PPIL4",0,"nonsynonymous SNV","PPIL4:NM_139126:exon6:c.C494G:p.P165R","6q25.1",5.851833,27.3,1.652e-05,0,0,0,0,3.003e-05,0,0,8.356e-06,0,0,0,0,0,1.819e-05,0,0,0,0,0,0,0,0,0,0,"missense_variant		0	21524	2	111900	rs377404090"
6,149855882,149855882,G,T,"exonic","PPIL4",0,"nonsynonymous SNV","PPIL4:NM_139126:exon6:c.C493A:p.P165T","6q25.1",5.745559,26.9,8.261e-06,0,0,0,0,1.502e-05,0,0,4.172e-06,0,0,0.0001,0,0,0,0,0,0,0,0,0,0,0,0,0,"missense_variant		0	21516	0	112012	rs768238528"
6,149855882,149855882,G,A,"exonic","PPIL4",0,"nonsynonymous SNV","PPIL4:NM_139126:exon6:c.C493T:p.P165S","6q25.1",5.675366,26.7,0,0,0,0,0,0,0,0,0,0,0,0,0,0,0,0,0,3.23e-05,0,0,0,0.0006,0,0,0,"missense_variant		0	3466	0	15422	rs768238528"
6,149855887,149855887,T,C,"exonic","PPIL4",0,"nonsynonymous SNV","PPIL4:NM_139126:exon6:c.A488G:p.D163G","6q25.1",6.151636,28.5,0,0,0,0,0,0,0,0,4.181e-06,0,0,0,0,0,9.092e-06,0,0,0,0,0,0,0,0,0,0,"missense_variant		0	21498	1	111932	rs1181981576"
6,149855899,149855899,G,C,"exonic","PPIL4",0,"nonsynonymous SNV","PPIL4:NM_139126:exon6:c.C476G:p.T159R","6q25.1",6.559504,31,0,0,0,0,0,0,0,0,4.252e-06,0,0,0,0,0,9.184e-06,0,0,0,0,0,0,0,0,0,0,"missense_variant		0	21404	1	110800	rs778834268"
6,149855899,149855899,G,A,"exonic","PPIL4",0,"nonsynonymous SNV","PPIL4:NM_139126:exon6:c.C476T:p.T159M","6q25.1",6.820048,32,1.657e-05,0,0,0.0001,0,1.505e-05,0,0,1.276e-05,0,0,0,0.0001,0,9.184e-06,0,0,3.231e-05,0.0001,0,0,0,0,0,0,"missense_variant		0	24864	1	126220	rs778834268"
6,149855902,149855902,T,C,"exonic","PPIL4",0,"nonsynonymous SNV","PPIL4:NM_139126:exon6:c.A473G:p.H158R","6q25.1",5.273766,25.7,8.293e-06,0,0,0,0,1.506e-05,0,0,4.372e-06,0,0,0,0,0,9.316e-06,0,0,0,0,0,0,0,0,0,0,"missense_variant		0	21238	1	109238	rs748020272"
6,149855909,149855909,T,C,"exonic","PPIL4",0,"nonsynonymous SNV","PPIL4:NM_139126:exon6:c.A466G:p.I156V","6q25.1",4.048437,23.7,8.313e-06,0,0,0,0,0,0,6.19e-05,1.763e-05,0,0,0,0,0,0,0,0.0001,0,0,0,0,0,0,0,0,"missense_variant		0	21170	0	108656	rs772065908"
6,149856731,149856731,C,T,"splicing","PPIL4","NM_139126:exon5:c.464+1G>A",0,0,"6q25.1",5.367855,25.9,0,0,0,0,0,0,0,0,0,0,0,0,0,0,0,0,0,3.23e-05,0.0001,0,0,0,0,0,0,"splice_donor_variant		0	3472	0	15424	rs1177879864"
6,149856736,149856736,T,C,"exonic","PPIL4",0,"nonsynonymous SNV","PPIL4:NM_139126:exon5:c.A460G:p.I154V","6q25.1",1.773304,14.83,8.278e-06,0,0,0,0,1.504e-05,0,0,4.118e-06,0,0,0,0,0,9.027e-06,0,0,0,0,0,0,0,0,0,0,"missense_variant		0	21456	1	112784	rs758289674"
6,149856741,149856741,T,C,"exonic","PPIL4",0,"nonsynonymous SNV","PPIL4:NM_139126:exon5:c.A455G:p.Q152R","6q25.1",2.476093,19.31,0,0,0,0,0,0,0,0,4.099e-06,0,3.025e-05,0,0,0,0,0,0,0,0,0,0,0,0,0,0,"missense_variant		0	21492	0	113078	rs898835047"
6,149856748,149856748,G,C,"exonic","PPIL4",0,"nonsynonymous SNV","PPIL4:NM_139126:exon5:c.C448G:p.P150A","6q25.1",5.371006,25.9,8.255e-06,0,0,0,0,1.502e-05,0,0,4.073e-06,0,0,0,0,0,8.969e-06,0,0,0,0,0,0,0,0,0,0,"missense_variant		0	21502	1	113504	rs746933504"
6,149856751,149856751,C,T,"exonic","PPIL4",0,"nonsynonymous SNV","PPIL4:NM_139126:exon5:c.G445A:p.V149I","6q25.1",1.507166,13.35,0,0,0,0,0,0,0,0,0,0,0,0,0,0,0,0,0,3.23e-05,0,0,0,0,0,6.665e-05,0,"missense_variant		0	3472	1	15426	rs1471003765"
6,149856755,149856755,G,C,"exonic","PPIL4",0,"nonsynonymous SNV","PPIL4:NM_139126:exon5:c.C441G:p.D147E","6q25.1",1.178082,11.63,0.0001,0.0014,0,0,0,0,0,0,0.0001,0.0014,5.964e-05,0,0,0,1.792e-05,0,0,0.0004,0.0014,0,0,0,0,0,0,"missense_variant		0	25026	2	129042	rs115307830"
6,149856756,149856756,T,C,"exonic","PPIL4",0,"nonsynonymous SNV","PPIL4:NM_139126:exon5:c.A440G:p.D147G","6q25.1",2.889363,21.8,8.247e-06,0,0,0.0001,0,0,0,0,8.132e-06,0,0,0,5.799e-05,0,8.96e-06,0,0,0,0,0,0,0,0,0,0,"missense_variant		0	21572	1	113620	rs776760346"
6,149856759,149856759,T,C,"exonic","PPIL4",0,"nonsynonymous SNV","PPIL4:NM_139126:exon5:c.A437G:p.K146R","6q25.1",2.555596,19.82,0.0001,0,0,0.0016,0,0,0,0,0.0001,0,0,0,0.0015,0,0,0,0,0.0001,0,0,0,0.0025,0,0,0,"missense_variant		0	25050	0	129094	rs192441179"
6,149856760,149856760,T,C,"exonic","PPIL4",0,"nonsynonymous SNV","PPIL4:NM_139126:exon5:c.A436G:p.K146E","6q25.1",1.762596,14.77,0,0,0,0,0,0,0,0,0,0,0,0,0,0,0,0,0,3.228e-05,0,0,0,0,0,6.66e-05,0,"missense_variant		0	3470	1	15436	rs1462132959"
6,149856760,149856761,TG,T,"exonic","PPIL4",0,"frameshift substitution","PPIL4:NM_139126:exon5:c.435_436delinsA:p.D145Efs*12","6q25.1",0,0,8.246e-06,0,0,0,0,1.501e-05,0,0,4.064e-06,0,0,0,0,0,8.957e-06,0,0,0,0,0,0,0,0,0,0,"frameshift_variant		0	21580	1	113656	rs1462132959"
6,149856762,149856766,TCAAC,T,"exonic","PPIL4",0,"frameshift substitution","PPIL4:NM_139126:exon5:c.430_434delinsA:p.V144Tfs*12","6q25.1",0,0,8.246e-06,0,0,0,0,1.501e-05,0,0,4.064e-06,0,0,0,0,0,8.957e-06,0,0,0,0,0,0,0,0,0,0,"frameshift_variant		0	21578	1	113648	rs763505728"
6,149856771,149856771,G,T,"exonic","PPIL4",0,"nonsynonymous SNV","PPIL4:NM_139126:exon5:c.C425A:p.T142N","6q25.1",5.393236,26.0,0,0,0,0,0,0,0,0,3.658e-05,0,0,0,0,0,8.061e-05,0,0,0.0002,0,0,0,0,0,0.0003,0,"missense_variant		0	25026	14	129096	rs371097061"
6,149856781,149856781,T,A,"exonic","PPIL4",0,"nonsynonymous SNV","PPIL4:NM_139126:exon5:c.A415T:p.I139F","6q25.1",3.510276,23.1,8.241e-06,0,0,0,0,1.5e-05,0,0,4.063e-06,0,0,0,0,0,8.956e-06,0,0,0,0,0,0,0,0,0,0,"missense_variant		0	21596	1	113686	rs769997246"
6,149856784,149856784,T,C,"exonic","PPIL4",0,"nonsynonymous SNV","PPIL4:NM_139126:exon5:c.A412G:p.K138E","6q25.1",4.080331,23.7,8.241e-06,0,8.639e-05,0,0,0,0,0,8.127e-06,0,2.98e-05,0,0,0,0,0.0002,0,0,0,0,0,0,0,0,0,"missense_variant		0	21592	0	113686	rs775743748"
6,149856793,149856793,T,C,"exonic","PPIL4",0,"nonsynonymous SNV","PPIL4:NM_139126:exon5:c.A403G:p.I135V","6q25.1",-0.234006,0.930,8.24e-06,0,0,0.0001,0,0,0,0,4.064e-06,0,0,0,5.798e-05,0,0,0,0,0,0,0,0,0,0,0,0,"missense_variant		0	21596	0	113690	rs201365017"
6,149856796,149856796,C,A,"exonic","PPIL4",0,"nonsynonymous SNV","PPIL4:NM_139126:exon5:c.G400T:p.D134Y","6q25.1",5.009512,25.1,1.648e-05,0,0,0,0,2.999e-05,0,0,8.128e-06,0,0,0,0,0,1.791e-05,0,0,0,0,0,0,0,0,0,0,"missense_variant		0	21600	3	113674	rs764478583"
6,149856798,149856798,A,C,"exonic","PPIL4",0,"nonsynonymous SNV","PPIL4:NM_139126:exon5:c.T398G:p.M133R","6q25.1",4.423075,24.2,1.648e-05,0,8.637e-05,0,0,0,0,6.058e-05,8.128e-06,0,2.982e-05,0,0,0,0,0,3.251e-05,0,0,0,0,0,0,0,0,"missense_variant		0	21604	0	113692	rs774605562"
6,149856802,149856802,C,T,"exonic","PPIL4",0,"nonsynonymous SNV","PPIL4:NM_139126:exon5:c.G394A:p.G132S","6q25.1",7.172877,34,0,0,0,0,0,0,0,0,4.065e-06,6.535e-05,0,0,0,0,0,0,0,3.228e-05,0,0,0,0,0,6.66e-05,0,"missense_variant		0	25074	1	129092	rs942289265"
6,149856810,149856810,A,C,"exonic","PPIL4",0,"nonsynonymous SNV","PPIL4:NM_139126:exon5:c.T386G:p.V129G","6q25.1",5.655052,26.7,8.24e-06,0,0,0,0,1.499e-05,0,0,4.065e-06,0,0,0,0,0,8.956e-06,0,0,0,0,0,0,0,0,0,0,"missense_variant		0	21592	1	113678	rs767917594"
6,149856822,149856822,A,G,"exonic","PPIL4",0,"nonsynonymous SNV","PPIL4:NM_139126:exon5:c.T374C:p.V125A","6q25.1",5.693953,26.8,1.648e-05,0,0.0002,0,0,0,0,0,2.441e-05,0,0.0002,0,0,0,0,0,0,0,0,0,0,0,0,0,0,"missense_variant		0	21584	0	113648	rs754596173"
6,149856825,149856825,G,A,"exonic","PPIL4",0,"nonsynonymous SNV","PPIL4:NM_139126:exon5:c.C371T:p.T124M","6q25.1",6.759431,32,3.296e-05,0,0,0,0,4.499e-05,0,6.057e-05,3.257e-05,0,0,0,0,0,3.585e-05,0,0.0001,0,0,0,0,0,0,0,0,"missense_variant		0	25006	4	129038	rs374395980"
6,149856843,149856843,T,A,"exonic","PPIL4",0,"nonsynonymous SNV","PPIL4:NM_139126:exon5:c.A353T:p.Y118F","6q25.1",2.553165,19.81,0,0,0,0,0,0,0,0,0,0,0,0,0,0,0,0,0,0,0,0,0,0,0,0,0,"missense_variant		0	21508	0	113266	"
6,149856861,149856861,G,A,"exonic","PPIL4",0,"nonsynonymous SNV","PPIL4:NM_139126:exon5:c.C335T:p.T112I","6q25.1",3.330150,22.9,8.267e-06,0,0,0,0,0,0,6.121e-05,4.173e-06,0,0,0,0,0,0,0,3.458e-05,0,0,0,0,0,0,0,0,"missense_variant		0	21354	0	112036	rs746793136"
6,149856864,149856864,G,T,"exonic","PPIL4",0,"nonsynonymous SNV","PPIL4:NM_139126:exon5:c.C332A:p.T111N","6q25.1",5.802775,27.1,1.654e-05,0,0,0.0002,0,0,0,0,2.089e-05,0,0,0,0.0003,0,0,0,0,0,0,0,0,0,0,0,0,"missense_variant		0	21340	0	111950	rs757149934"
6,149856867,149856867,A,T,"exonic","PPIL4",0,"nonsynonymous SNV","PPIL4:NM_139126:exon5:c.T329A:p.I110N","6q25.1",6.214216,28.7,1.658e-05,0,0,0,0,3.011e-05,0,0,8.426e-06,0,0,0,0,0,1.827e-05,0,0,0,0,0,0,0,0,0,0,"missense_variant		0	21216	2	111454	rs752890654"
6,149862077,149862077,C,A,"splicing","PPIL4","NM_139126:exon4:c.321+1G>T",0,0,"6q25.1",5.810129,27.2,8.238e-06,0,0,0,0,1.499e-05,0,0,4.072e-06,0,0,0,0,0,8.966e-06,0,0,0,0,0,0,0,0,0,0,"splice_donor_variant		0	21420	1	113562	rs759087428"
6,149862090,149862090,T,G,"exonic","PPIL4",0,"nonsynonymous SNV","PPIL4:NM_139126:exon4:c.A309C:p.Q103H","6q25.1",4.217473,23.9,1.648e-05,9.612e-05,0,0,0,1.499e-05,0,0,1.626e-05,0,2.984e-05,0,0,0,1.792e-05,0.0002,0,6.46e-05,0,0,0,0,0,0.0001,0,"missense_variant		0	24988	4	129092	rs764800164"
6,149862097,149862097,C,T,"exonic","PPIL4",0,"nonsynonymous SNV","PPIL4:NM_139126:exon4:c.G302A:p.S101N","6q25.1",1.241018,11.96,1.647e-05,0,0,0,0,2.997e-05,0,0,2.846e-05,0,0,0,0,0,6.269e-05,0,0,0,0,0,0,0,0,0,0,"missense_variant		0	21552	6	113686	rs752278322"
6,149862098,149862098,T,C,"exonic","PPIL4",0,"nonsynonymous SNV","PPIL4:NM_139126:exon4:c.A301G:p.S101G","6q25.1",1.808068,15.03,2.471e-05,9.612e-05,0,0,0,2.997e-05,0,0,3.252e-05,0,0,0,0,0,7.165e-05,0,0,0,0,0,0,0,0,0,0,"missense_variant		0	21564	8	113682	rs138189635"
6,149862113,149862113,T,A,"exonic","PPIL4",0,"nonsynonymous SNV","PPIL4:NM_139126:exon4:c.A286T:p.M96L","6q25.1",4.425324,24.2,0,0,0,0,0,0,0,0,4.063e-06,6.534e-05,0,0,0,0,0,0,0,0,0,0,0,0,0,0,0,"missense_variant		0	21598	0	113704	rs915422281"
6,149862118,149862131,ACTGTGCCTTTCTT,A,"exonic","PPIL4",0,"frameshift substitution","PPIL4:NM_139126:exon4:c.268_281delinsT:p.K90Cfs*4","6q25.1",0,0,0,0,0,0,0,0,0,0,4.062e-06,0,0,0,0,0,8.954e-06,0,0,3.23e-05,0,0,0,0,0,6.665e-05,0,"frameshift_variant		0	3462	1	15422	rs1184146995"
6,149862132,149862133,CT,C,"exonic","PPIL4",0,"frameshift substitution","PPIL4:NM_139126:exon4:c.266_267delinsG:p.K89Rfs*9","6q25.1",0,0,0,0,0,0,0,0,0,0,2.438e-05,0,0,0,0,0,5.374e-05,0,0,0,0,0,0,0,0,0,0,"frameshift_variant		0	21602	6	113702	rs1403759616"
6,149862141,149862141,A,C,"exonic","PPIL4",0,"nonsynonymous SNV","PPIL4:NM_139126:exon4:c.T258G:p.I86M","6q25.1",1.218610,11.84,0,0,0,0,0,0,0,0,4.063e-06,0,0,0,0,0,8.958e-06,0,0,0,0,0,0,0,0,0,0,"missense_variant		0	21604	1	113684	rs1413197367"
6,149862148,149862148,G,T,"exonic","PPIL4",0,"nonsynonymous SNV","PPIL4:NM_139126:exon4:c.C251A:p.P84Q","6q25.1",4.230098,23.9,0,0,0,0,0,0,0,0,4.064e-06,0,0,0,0,0,8.959e-06,0,0,0,0,0,0,0,0,0,0,"missense_variant		0	21598	1	113666	rs1334105598"
6,149862149,149862149,G,C,"exonic","PPIL4",0,"nonsynonymous SNV","PPIL4:NM_139126:exon4:c.C250G:p.P84A","6q25.1",3.221047,22.7,8.238e-06,0,8.639e-05,0,0,0,0,0,8.129e-06,0,5.96e-05,0,0,0,0,0,0,0,0,0,0,0,0,0,0,"missense_variant		0	21598	0	113642	rs757056273"
6,149862152,149862152,C,T,"exonic","PPIL4",0,"nonsynonymous SNV","PPIL4:NM_139126:exon4:c.G247A:p.V83I","6q25.1",2.519364,19.59,4.119e-05,0,0,0,0,7.494e-05,0,0,2.032e-05,0,0,0,0,0,4.479e-05,0,0,0,0,0,0,0,0,0,0,"missense_variant		0	21602	5	113680	rs781163908"
6,149862160,149862160,G,T,"exonic","PPIL4",0,"nonsynonymous SNV","PPIL4:NM_139126:exon4:c.C239A:p.A80E","6q25.1",3.585721,23.2,0,0,0,0,0,0,0,0,4.065e-06,0,0,0,0,0,0,0.0002,0,0,0,0,0,0,0,0,0,"missense_variant	mnv	0	21600	0	113618	rs750397034"
6,149862160,149862160,G,A,"exonic","PPIL4",0,"nonsynonymous SNV","PPIL4:NM_139126:exon4:c.C239T:p.A80V","6q25.1",2.582702,20.0,8.239e-06,9.617e-05,0,0,0,0,0,0,4.065e-06,6.535e-05,0,0,0,0,0,0,0,3.239e-05,0.0001,0,0,0,0,0,0,"missense_variant		0	25032	0	128994	rs750397034"
6,149862161,149862161,C,T,"exonic","PPIL4",0,"nonsynonymous SNV","PPIL4:NM_139126:exon4:c.G238A:p.A80T","6q25.1",3.163991,22.6,0,0,0,0,0,0,0,0,4.065e-06,0,0,0,0,0,0,0.0002,0,0,0,0,0,0,0,0,0,"missense_variant	mnv	0	21600	0	113620	rs1350076496"
6,149862164,149862164,C,T,"exonic","PPIL4",0,"nonsynonymous SNV","PPIL4:NM_139126:exon4:c.G235A:p.E79K","6q25.1",4.726092,24.6,0,0,0,0,0,0,0,0,0,0,0,0,0,0,0,0,0,3.24e-05,0,0,0,0,0,6.676e-05,0,"missense_variant		0	3424	1	15388	rs1475668856"
6,149862170,149862174,AGCTT,A,"exonic","PPIL4",0,"frameshift substitution","PPIL4:NM_139126:exon4:c.225_229delinsT:p.S76Ffs*21","6q25.1",0,0,0,0,0,0,0,0,0,0,4.065e-06,0,0,0,0,0,0,0,3.25e-05,0,0,0,0,0,0,0,0,"frameshift_variant		0	21594	0	113624	rs1224375094"
6,149862187,149862187,T,C,"exonic","PPIL4",0,"nonsynonymous SNV","PPIL4:NM_139126:exon4:c.A212G:p.Y71C","6q25.1",4.587726,24.4,2.476e-05,0,0,0.0001,0,3.005e-05,0,0,1.221e-05,0,0,0,5.801e-05,0,1.794e-05,0,0,0,0,0,0,0,0,0,0,"missense_variant		0	21550	2	113518	rs780055314"
6,149862190,149862190,A,T,"exonic","PPIL4",0,"nonsynonymous SNV","PPIL4:NM_139126:exon4:c.T209A:p.L70Q","6q25.1",5.689597,26.8,0,0,0,0,0,0,0,0,4.074e-06,0,0,0,0,0,0,0,3.256e-05,0,0,0,0,0,0,0,0,"missense_variant		0	21534	0	113432	rs1483379073"
6,149862194,149862194,G,A,"exonic","PPIL4",0,"stopgain","PPIL4:NM_139126:exon4:c.C205T:p.Q69X","6q25.1",10.304905,36,8.263e-06,0,8.664e-05,0,0,0,0,0,4.081e-06,0,3.004e-05,0,0,0,0,0,0,0,0,0,0,0,0,0,0,"stop_gained		0	21488	0	113226	rs749378871"
6,149862505,149862505,A,C,"exonic","PPIL4",0,"nonsynonymous SNV","PPIL4:NM_139126:exon3:c.T201G:p.F67L","6q25.1",2.159366,17.24,8.595e-06,0,8.962e-05,0,0,0,0,0,5.945e-06,0,7.318e-05,0,0,0,0,0,0,0,0,0,0,0,0,0,0,"missense_variant		0	19772	0	85692	rs761635202"
6,149862510,149862510,T,C,"exonic","PPIL4",0,"nonsynonymous SNV","PPIL4:NM_139126:exon3:c.A196G:p.I66V","6q25.1",-1.316010,0.004,0.0009,0.0091,0.0004,0,0,0.0002,0.0022,0,0.0006,0.0079,0.0004,0.0003,0,0,0.0002,0.0003,0,0.0023,0.0078,0.0012,0,0,0,0,0.0021,"missense_variant		0	23558	13	104698	rs115372734"
6,149862521,149862521,C,T,"exonic","PPIL4",0,"nonsynonymous SNV","PPIL4:NM_139126:exon3:c.G185A:p.G62E","6q25.1",5.960022,27.7,0,0,0,0,0,0,0,0,0,0,0,0,0,0,0,0,0,3.265e-05,0,0,0,0,0,6.668e-05,0,"missense_variant		0	3208	1	15370	rs1485836043"
6,149862524,149862524,C,T,"exonic","PPIL4",0,"nonsynonymous SNV","PPIL4:NM_139126:exon3:c.G182A:p.R61H","6q25.1",3.647539,23.2,3.317e-05,0,0,0.0001,0,4.52e-05,0,0,2.417e-05,0,0,0,8.049e-05,0,4.054e-05,0,0,0,0,0,0,0,0,0,0,"missense_variant		0	21106	4	98988	rs750235668"
6,149862525,149862525,G,A,"exonic","PPIL4",0,"nonsynonymous SNV","PPIL4:NM_139126:exon3:c.C181T:p.R61C","6q25.1",3.723780,23.3,3.313e-05,0,0,0,0.0002,4.516e-05,0,0,2.888e-05,0,4.107e-05,0.0001,0,4.591e-05,2.024e-05,0.0002,0,0,0,0,0,0,0,0,0,"missense_variant		1	21128	3	99140	rs755983989"
6,149862528,149862528,C,T,"exonic","PPIL4",0,"nonsynonymous SNV","PPIL4:NM_139126:exon3:c.G178A:p.G60S","6q25.1",6.061641,28.1,0,0,0,0,0,0,0,0,0,0,0,0,0,0,0,0,0,6.516e-05,0,0,0,0,0,0.0001,0,"missense_variant		0	3246	2	15356	rs1213308873"
6,149862543,149862543,C,T,"exonic","PPIL4",0,"nonsynonymous SNV","PPIL4:NM_139126:exon3:c.G163A:p.D55N","6q25.1",7.037835,33,8.252e-06,0,0,0,0,0,0,6.064e-05,8.537e-06,0,0,0,0,0,0,0.0002,3.483e-05,0,0,0,0,0,0,0,0,"missense_variant		0	21502	0	109608	rs779167577"
6,149862656,149862656,T,C,"exonic","PPIL4",0,"nonsynonymous SNV","PPIL4:NM_139126:exon2:c.A137G:p.Q46R","6q25.1",4.153418,23.8,8.244e-06,0,0,0,0,1.5e-05,0,0,8.139e-06,0,0,0,0,0,1.793e-05,0,0,0,0,0,0,0,0,0,0,"missense_variant		0	21638	2	113536	rs550753103"
6,149862657,149862657,G,A,"exonic","PPIL4",0,"stopgain","PPIL4:NM_139126:exon2:c.C136T:p.Q46X","6q25.1",11.675854,38,0,0,0,0,0,0,0,0,4.069e-06,0,0,0,0,0,8.965e-06,0,0,0,0,0,0,0,0,0,0,"stop_gained		0	21636	1	113550	rs1186184566"
6,149862661,149862661,A,C,"exonic","PPIL4",0,"nonsynonymous SNV","PPIL4:NM_139126:exon2:c.T132G:p.N44K","6q25.1",2.430648,19.02,0,0,0,0,0,0,0,0,4.069e-06,0,0,0,0,0,0,0,3.263e-05,0,0,0,0,0,0,0,0,"missense_variant		0	21638	0	113538	rs1424940857"
6,149862662,149862662,T,C,"exonic","PPIL4",0,"nonsynonymous SNV","PPIL4:NM_139126:exon2:c.A131G:p.N44S","6q25.1",-0.120017,1.586,3.298e-05,0,8.645e-05,0,0,3e-05,0.0011,0,1.627e-05,0,2.987e-05,0,0,0,2.689e-05,0,0,3.236e-05,0,0,0,0,0,0,0.0010,"missense_variant		0	25054	2	128964	rs760524822"
6,149862666,149862666,G,C,"exonic","PPIL4",0,"nonsynonymous SNV","PPIL4:NM_139126:exon2:c.C127G:p.H43D","6q25.1",5.992122,27.8,0,0,0,0,0,0,0,0,4.067e-06,0,2.988e-05,0,0,0,0,0,0,0,0,0,0,0,0,0,0,"missense_variant		0	21638	0	113574	rs1367108544"
6,149862671,149862671,A,C,"exonic","PPIL4",0,"nonsynonymous SNV","PPIL4:NM_139126:exon2:c.T122G:p.L41R","6q25.1",5.804525,27.1,0,0,0,0,0,0,0,0,0,0,0,0,0,0,0,0,0,3.235e-05,0,0,0,0,0,6.664e-05,0,"missense_variant		0	3420	1	15406	rs1436911870"
6,149862677,149862677,T,C,"exonic","PPIL4",0,"nonsynonymous SNV","PPIL4:NM_139126:exon2:c.A116G:p.Y39C","6q25.1",5.517253,26.3,4.126e-05,0,0,0,0,7.503e-05,0,0,2.441e-05,0,0,0,0,0,5.378e-05,0,0,6.477e-05,0,0,0,0,0,0.0001,0,"missense_variant		0	25052	9	128940	rs766283930"
6,149862680,149862680,T,C,"exonic","PPIL4",0,"nonsynonymous SNV","PPIL4:NM_139126:exon2:c.A113G:p.N38S","6q25.1",3.534363,23.1,8.253e-06,0,0,0,0,0,0,6.062e-05,4.069e-06,0,0,0,0,0,0,0,3.261e-05,0,0,0,0,0,0,0,0,"missense_variant		0	21640	0	113544	rs753815094"
6,149862696,149862696,T,C,"exonic","PPIL4",0,"nonsynonymous SNV","PPIL4:NM_139126:exon2:c.A97G:p.K33E","6q25.1",4.020530,23.6,8.259e-06,0,0,0,0,1.502e-05,0,0,4.069e-06,0,0,0,0,0,8.965e-06,0,0,0,0,0,0,0,0,0,0,"missense_variant		0	21638	1	113542	rs754975857"
6,149862698,149862698,C,T,"exonic","PPIL4",0,"nonsynonymous SNV","PPIL4:NM_139126:exon2:c.G95A:p.C32Y","6q25.1",3.145542,22.6,1.652e-05,0,0,0,0,0,0,0.0001,8.142e-06,0,0,0,0,0,0,0,6.516e-05,0,0,0,0,0,0,0,0,"missense_variant		0	21632	0	113480	rs765183074"
6,149862703,149862703,T,A,"exonic","PPIL4",0,"nonsynonymous SNV","PPIL4:NM_139126:exon2:c.A90T:p.K30N","6q25.1",3.460495,23.0,0,0,0,0,0,0,0,0,4.069e-06,0,0,0,0,0,8.963e-06,0,0,3.237e-05,0,0,0,0,0,6.668e-05,0,"missense_variant		0	3408	1	15412	rs1038677559"
6,149862709,149862709,G,T,"exonic","PPIL4",0,"nonsynonymous SNV","PPIL4:NM_139126:exon2:c.C84A:p.F28L","6q25.1",5.983464,27.8,8.27e-06,9.758e-05,0,0,0,0,0,0,4.073e-06,6.547e-05,0,0,0,0,0,0,0,0,0,0,0,0,0,0,0,"missense_variant		0	21630	0	113454	rs752835458"
6,149862719,149862719,C,G,"exonic","PPIL4",0,"nonsynonymous SNV","PPIL4:NM_139126:exon2:c.G74C:p.C25S","6q25.1",2.592652,20.1,1.657e-05,0,0.0002,0,0,0,0,0,2.04e-05,0,0.0002,0,0,0,0,0,0,3.239e-05,0.0001,0,0,0,0,0,0,"missense_variant		0	25012	0	128662	rs758482873"
6,149867075,149867075,G,T,"exonic","PPIL4",0,"nonsynonymous SNV","PPIL4:NM_139126:exon1:c.C67A:p.R23S","6q25.1",4.771540,24.7,2.927e-05,0,0.0004,0,0,0,0,0,2.485e-05,0,0.0002,0,0,0,0,0,0,0,0,0,0,0,0,0,0,"missense_variant		0	18108	0	87464	rs759334823"
6,149867086,149867087,TC,T,"exonic","PPIL4",0,"frameshift substitution","PPIL4:NM_139126:exon1:c.55_56delinsA:p.E19Kfs*8","6q25.1",0,0,0,0,0,0,0,0,0,0,4.835e-06,0,0,0,6.383e-05,0,0,0,0,0,0,0,0,0,0,0,0,"frameshift_variant		0	18536	0	90692	rs1312281273"
6,149867111,149867111,C,A,"exonic","PPIL4",0,"nonsynonymous SNV","PPIL4:NM_139126:exon1:c.G31T:p.D11Y","6q25.1",7.385056,34,0,0,0,0,0,0,0,0,4.916e-06,0,0,0,0,0,0,0,3.649e-05,0,0,0,0,0,0,0,0,"missense_variant		0	18348	0	88524	rs1254450946"
6,149867116,149867116,A,G,"exonic","PPIL4",0,"nonsynonymous SNV","PPIL4:NM_139126:exon1:c.T26C:p.L9S","6q25.1",5.967618,27.7,2.699e-05,0,0,0,0,5.812e-05,0,0,1.486e-05,0,0,0,0,0,3.522e-05,0,0,0,0,0,0,0,0,0,0,"missense_variant		0	18218	3	87772	rs751869514"
6,149867119,149867119,G,C,"exonic","PPIL4",0,"nonsynonymous SNV","PPIL4:NM_139126:exon1:c.C23G:p.T8S","6q25.1",3.126387,22.6,0,0,0,0,0,0,0,0,0,0,0,0,0,0,0,0,0,0,0,0,0,0,0,0,0,"missense_variant		0	17916	0	85286	rs562095340"
6,149867120,149867120,T,G,"exonic","PPIL4",0,"nonsynonymous SNV","PPIL4:NM_139126:exon1:c.A22C:p.T8P","6q25.1",6.143057,28.4,0,0,0,0,0,0,0,0,5.072e-06,0,3.248e-05,0,0,0,0,0,0,0,0,0,0,0,0,0,0,"missense_variant		0	17910	0	85102	rs1434963410"
6,149867124,149867124,C,G,"exonic","PPIL4",0,"nonsynonymous SNV","PPIL4:NM_139126:exon1:c.G18C:p.E6D","6q25.1",5.683915,26.8,0,0,0,0,0,0,0,0,5.109e-06,9.069e-05,0,0,0,0,0,0,0,0,0,0,0,0,0,0,0,"missense_variant		0	17854	0	84226	rs1434081051"
6,149867125,149867125,T,C,"exonic","PPIL4",0,"nonsynonymous SNV","PPIL4:NM_139126:exon1:c.A17G:p.E6G","6q25.1",6.260144,28.9,0,0,0,0,0,0,0,0,0,0,0,0,0,0,0,0,0,6.465e-05,0,0,0,0,0,0.0001,0,"missense_variant		0	3470	2	15408	rs1452643908"
6,149867129,149867129,G,C,"exonic","PPIL4",0,"nonsynonymous SNV","PPIL4:NM_139126:exon1:c.C13G:p.L5V","6q25.1",3.050250,22.4,5.771e-05,0,0,0,0,0.0001,0,0,3.646e-05,0,0,0,0,0,8.823e-05,0,0,0,0,0,0,0,0,0,0,"missense_variant		0	17614	7	82152	rs757613418"
6,149867137,149867137,G,C,"exonic","PPIL4",0,"nonsynonymous SNV","PPIL4:NM_139126:exon1:c.C5G:p.A2G","6q25.1",6.432595,29.8,3.034e-05,0,0.0004,0,0,0,0,0,1.078e-05,0,6.828e-05,0,0,0,0,0,0,0,0,0,0,0,0,0,0,"missense_variant		0	17104	0	79066	rs747592424"
6,149867138,149867138,C,G,"exonic","PPIL4",0,"nonsynonymous SNV","PPIL4:NM_139126:exon1:c.G4C:p.A2P","6q25.1",6.787996,32,0,0,0,0,0,0,0,0,0,0,0,0,0,0,0,0,0,0,0,0,0,0,0,0,0,"missense_variant		0	16970	1	78236	"
6,149867141,149867141,T,A,"exonic","PPIL4",0,"startloss","PPIL4:NM_139126:exon1:c.A1T:p.M1?","6q25.1",6.222753,28.8,0,0,0,0,0,0,0,0,5.524e-06,0,0,0,0,0,1.35e-05,0,0,0,0,0,0,0,0,0,0,"start_lost		0	16780	1	76648	rs771614428"
